Institution,Project_ID,Country,Doc_Title,URL
IDB,XI-IATI-IADB-AR-L1361,Argentina,Urban Social Integration and Housing Improvement Program.pdf,https://www.iadb.org/document.cfm?id=EZIDB0000366-965128629-49766
IDB,XI-IATI-IADB-AR-L1361,Argentina,Programa de Integracin Socio Urbana y de Mejoramiento de Vivienda.pdf,https://www.iadb.org/document.cfm?id=EZIDB0000366-965128629-49767
IDB,XI-IATI-IADB-AR-L1361,Argentina,AR-L1361 First period Jan-Jun 2025 - Public Report.PDF,https://www.iadb.org/document.cfm?id=EZIDB0000578-522669563-47915
IDB,XI-IATI-IADB-AR-L1361,Argentina,AR-L1361 First period Jan-Jun 2023 - Public Report.PDF,https://www.iadb.org/document.cfm?id=EZIDB0000578-522669563-44044
IDB,XI-IATI-IADB-AR-L1361,Argentina,Argentina. Propuesta de prestamo Programa de Integracion Socio Urbana y Mejoramiento de Vivienda - Publico.pdf,https://www.iadb.org/document.cfm?id=EZIDB0000029-1130051061-72
IDB,XI-IATI-IADB-AR-L1361,Argentina,AR-L1361 Second period Jan-Dec 2023 - Public Report.PDF,https://www.iadb.org/document.cfm?id=EZIDB0000578-522669563-45202
IDB,XI-IATI-IADB-AR-L1361,Argentina,Argentina. Loan proposal for the Urban Social Integration and Housing Improvement Program Public.pdf,https://www.iadb.org/document.cfm?id=EZIDB0000029-1130051061-71
IDB,XI-IATI-IADB-AR-L1361,Argentina,Contrato de Prstamo No. 5741-OC-AR - Programa de Integracin Socio Urbana y Mejoramiento de Viviendas - AR-L1361.pdf,https://www.iadb.org/document.cfm?id=EZIDB0000366-2056220512-9377
IDB,XI-IATI-IADB-AR-L1361,Argentina,AR-L1361 Second period Jan-Dec 2024 - Public Report.PDF,https://www.iadb.org/document.cfm?id=EZIDB0000578-522669563-47058
IDB,XI-IATI-IADB-AR-L1361,Argentina,AR-L1361 First period Jan-Jun 2024 - Public Report.PDF,https://www.iadb.org/document.cfm?id=EZIDB0000578-522669563-45389
IDB,XI-IATI-IADB-AR-L1306,Argentina,AR-L1306 Second period Jan-Dec 2022 - Public Report.PDF,https://www.iadb.org/document.cfm?id=EZIDB0000578-522669563-43355
IDB,XI-IATI-IADB-AR-L1306,Argentina,AR-L1306P908791SP.pdf,https://www.iadb.org/document.cfm?id=EZSHARE-1375635338-32670
IDB,XI-IATI-IADB-AR-L1306,Argentina,AR-L1306 First period Jan-Jun 2021 - Public Report.pdf,https://www.iadb.org/document.cfm?id=EZSHARE-522669563-35275
IDB,XI-IATI-IADB-AR-L1306,Argentina,AR-L1306P880454SP.pdf,https://www.iadb.org/document.cfm?id=EZSHARE-1375635338-32423
IDB,XI-IATI-IADB-AR-L1306,Argentina,AR-L1306 First period Jan-Jun 2024 - Public Report.PDF,https://www.iadb.org/document.cfm?id=EZIDB0000578-522669563-45362
IDB,XI-IATI-IADB-AR-L1306,Argentina,AR-L1306 First period Jan-Jun 2020 - Public Report.pdf,https://www.iadb.org/document.cfm?id=EZSHARE-522669563-33964
IDB,XI-IATI-IADB-AR-L1306,Argentina,AR-L1306 Second period Jan-Dec 2023 - Public Report.PDF,https://www.iadb.org/document.cfm?id=EZIDB0000578-522669563-44673
IDB,XI-IATI-IADB-AR-L1306,Argentina,AR-L1306P881951GN.pdf,https://www.iadb.org/document.cfm?id=EZSHARE-1375635338-32444
IDB,XI-IATI-IADB-AR-L1306,Argentina,Programa de Integracin Socio Urbana.pdf,https://www.iadb.org/document.cfm?id=EZSHARE-2056220512-8417
IDB,XI-IATI-IADB-AR-L1306,Argentina,AR-L1306 Second period Jan-Dec 2021 - Public Report.PDF,https://www.iadb.org/document.cfm?id=EZSHARE-522669563-40827
IDB,XI-IATI-IADB-AR-L1306,Argentina,Argentina. Propuesta de prstamo para el Programa de Integracin Socio Urbana.pdf,https://www.iadb.org/document.cfm?id=EZSHARE-724468820-78
IDB,XI-IATI-IADB-AR-L1306,Argentina,AR-L1306 First period Jan-Jun 2025 - Public Report.PDF,https://www.iadb.org/document.cfm?id=EZIDB0000578-522669563-47271
IDB,XI-IATI-IADB-AR-L1306,Argentina,AR-L1306 Second period Jan-Dec 2019-Public Report.pdf,https://www.iadb.org/document.cfm?id=EZSHARE-522669563-33316
IDB,XI-IATI-IADB-AR-L1306,Argentina,AR-L1306 First period Jan-Jun 2019-Public Report.pdf,https://www.iadb.org/document.cfm?id=EZSHARE-522669563-32684
IDB,XI-IATI-IADB-AR-L1306,Argentina,Argentina. Loan proposal for the Social and Urban Integration Program.pdf,https://www.iadb.org/document.cfm?id=EZSHARE-724468820-79
IDB,XI-IATI-IADB-AR-L1306,Argentina,AR-L1306 Second period Jan-Dec 2020 - Public Report.pdf,https://www.iadb.org/document.cfm?id=EZSHARE-522669563-34639
IDB,XI-IATI-IADB-AR-L1306,Argentina,AR-L1306 First period Jan-Jun 2022 - Public Report.PDF,https://www.iadb.org/document.cfm?id=EZSHARE-522669563-42125
IDB,XI-IATI-IADB-AR-L1306,Argentina,AR-L1306 First period Jan-Jun 2023 - Public Report.PDF,https://www.iadb.org/document.cfm?id=EZIDB0000578-522669563-44014
IDB,XI-IATI-IADB-AR-L1341,Argentina,Barrio Improvement Program. Fourth Individual Operation Under the Conditional Credit Line for Investment Projects CCLIP Established by Agreement on,https://www.iadb.org/document.cfm?id=EZSHARE-965128629-49471
IDB,XI-IATI-IADB-AR-L1341,Argentina,AR-L1341 Second period Jan-Dec 2022 - Public Report.PDF,https://www.iadb.org/document.cfm?id=EZIDB0000578-522669563-43406
IDB,XI-IATI-IADB-AR-L1341,Argentina,Argentina. AR-L1341 Propuesta prestamo individual Programa de Mejoramiento de Barrio.pdf,https://www.iadb.org/document.cfm?id=EZSHARE-696904143-59
IDB,XI-IATI-IADB-AR-L1341,Argentina,Programa de Mejoramiento de Barrios. Cuarta Operacin Individual Bajo la Lnea de Crdito Condicional para Proyectos de Inversin CCLIP establecida,https://www.iadb.org/document.cfm?id=EZSHARE-965128629-49470
IDB,XI-IATI-IADB-AR-L1341,Argentina,AR-L1341 First period Jan-Jun 2024 - Public Report.PDF,https://www.iadb.org/document.cfm?id=EZIDB0000578-522669563-45369
IDB,XI-IATI-IADB-AR-L1341,Argentina,AR-L1341 First period Jan-Jun 2023 - Public Report.PDF,https://www.iadb.org/document.cfm?id=EZIDB0000578-522669563-44034
IDB,XI-IATI-IADB-AR-L1341,Argentina,AR-L1341 Second period Jan-Dec 2023 - Public Report.PDF,https://www.iadb.org/document.cfm?id=EZIDB0000578-522669563-44670
IDB,XI-IATI-IADB-AR-L1341,Argentina,Contrato de Prstamo No. 5557-OC-AR - Programa de Mejoramiento de Barrios - AR-L1341.pdf,https://www.iadb.org/document.cfm?id=EZIDB0000366-2056220512-9212
IDB,XI-IATI-IADB-AR-L1341,Argentina,Argentina. AR-L1341 Individual loan proposal Barrio Improvement Program  PROMEBA II.pdf,https://www.iadb.org/document.cfm?id=EZSHARE-696904143-60
IDB,XI-IATI-IADB-AR-L1341,Argentina,AR-L1341 First period Jan-Jun 2025 - Public Report.PDF,https://www.iadb.org/document.cfm?id=EZIDB0000578-522669563-47280
IDB,XI-IATI-IADB-AR-L1341,Argentina,AR-L1341 Second period Jan-Dec 2024 - Public Report.PDF,https://www.iadb.org/document.cfm?id=EZIDB0000578-522669563-46045
IDB,XI-IATI-IADB-AR-L1288,Argentina,AR-L1288P879688SP.pdf,https://www.iadb.org/document.cfm?id=EZSHARE-1375635338-32405
IDB,XI-IATI-IADB-AR-L1288,Argentina,Argentina. Propuesta de prstamo para el Programa de Integracin Social y Urbana.PDF,https://www.iadb.org/document.cfm?id=EZSHARE-886698046-73
IDB,XI-IATI-IADB-AR-L1288,Argentina,AR-L1288 First period Jan-Jun 2021 - Public Report.pdf,https://www.iadb.org/document.cfm?id=EZSHARE-522669563-35241
IDB,XI-IATI-IADB-AR-L1288,Argentina,AR-L1288 Second period Jan-Dec 2022 - Public Report.PDF,https://www.iadb.org/document.cfm?id=EZIDB0000578-522669563-43389
IDB,XI-IATI-IADB-AR-L1288,Argentina,AR-L1288 First period Jan-Jun 2023 - Public Report.PDF,https://www.iadb.org/document.cfm?id=EZIDB0000578-522669563-44015
IDB,XI-IATI-IADB-AR-L1288,Argentina,Programa de Integracin Social y Urbana en el Gran Buenos Aires Primera Operacin Individual bajo la Lnea de Crdito Condicional para Proyecto.pdf,https://www.iadb.org/document.cfm?id=EZSHARE-2056220512-8419
IDB,XI-IATI-IADB-AR-L1288,Argentina,AR-L1288 First period Jan-Jun 2025 - Public Report.PDF,https://www.iadb.org/document.cfm?id=EZIDB0000578-522669563-47908
IDB,XI-IATI-IADB-AR-L1288,Argentina,AR-L1288 Second period Jan-Dec 2024 - Public Report.PDF,https://www.iadb.org/document.cfm?id=EZIDB0000578-522669563-46676
IDB,XI-IATI-IADB-AR-L1288,Argentina,Modificatorio No 1 - Primera Operacin Individual bajo la Lnea de Crdito Condicional para Proyectos de Inversin CCLIPP para el Programa de Integr,https://www.iadb.org/document.cfm?id=EZSHARE-2056220512-8872
IDB,XI-IATI-IADB-AR-L1288,Argentina,AR-L1288 Second period Jan-Dec 2019-Public Report.pdf,https://www.iadb.org/document.cfm?id=EZSHARE-522669563-33311
IDB,XI-IATI-IADB-AR-L1288,Argentina,AR-L1288P2125871SP.pdf,https://www.iadb.org/document.cfm?id=EZIDB0000171-1375635338-38129
IDB,XI-IATI-IADB-AR-L1288,Argentina,AR-L1288 Second period Jan-Dec 2020 - Public Report.pdf,https://www.iadb.org/document.cfm?id=EZSHARE-522669563-34620
IDB,XI-IATI-IADB-AR-L1288,Argentina,AR-L1288 First period Jan-Jun 2022 - Public Report.PDF,https://www.iadb.org/document.cfm?id=EZSHARE-522669563-42126
IDB,XI-IATI-IADB-AR-L1288,Argentina,Argentina. Loan Proposal Social and Urban Integration Program in the Province of Buenos Aires.pdf,https://www.iadb.org/document.cfm?id=EZSHARE-886698046-75
IDB,XI-IATI-IADB-AR-L1288,Argentina,AR-L1288 First period Jan-Jun 2024 - Public Report.PDF,https://www.iadb.org/document.cfm?id=EZIDB0000578-522669563-45357
IDB,XI-IATI-IADB-AR-L1288,Argentina,AR-L1288 Second period Jan-Dec 2021 - Public Report.PDF,https://www.iadb.org/document.cfm?id=EZSHARE-522669563-40858
IDB,XI-IATI-IADB-AR-L1288,Argentina,AR-L1288 Second period Jan-Dec 2023 - Public Report.PDF,https://www.iadb.org/document.cfm?id=EZIDB0000578-522669563-45194
IDB,XI-IATI-IADB-AR-L1288,Argentina,AR-L1288 First period Jan-Jun 2020 - Public Report.pdf,https://www.iadb.org/document.cfm?id=EZSHARE-522669563-34028
IDB,XI-IATI-IADB-AR-L1179,Argentina,AR-L1179 Second period Jan-Dec 2016-Public Report.pdf,https://www.iadb.org/document.cfm?id=EZSHARE-522669563-590
IDB,XI-IATI-IADB-AR-L1179,Argentina,AR-L1179 First period Jan-Jun 2018-Public Report.pdf,https://www.iadb.org/document.cfm?id=EZSHARE-522669563-30979
IDB,XI-IATI-IADB-AR-L1179,Argentina,AR-L1179 Second period Jan-Dec 2022 - Public Report.PDF,https://www.iadb.org/document.cfm?id=EZIDB0000578-522669563-43358
IDB,XI-IATI-IADB-AR-L1179,Argentina,AR-L1179 First period Jan-Jun 2023 - Public Report.PDF,https://www.iadb.org/document.cfm?id=EZIDB0000578-522669563-44007
IDB,XI-IATI-IADB-AR-L1179,Argentina,AR-L1179 First period Jan-Jun 2015-Public Report 40181794.PDF,https://www.iadb.org/document.cfm?id=EZSHARE-76549784-2
IDB,XI-IATI-IADB-AR-L1179,Argentina,AR-L1179 Second period Jan-Dec 2020 - Public Report.pdf,https://www.iadb.org/document.cfm?id=EZSHARE-522669563-34596
IDB,XI-IATI-IADB-AR-L1179,Argentina,AR-L1179 Second period Jan-Dec 2015-Public Report 40360893.PDF,https://www.iadb.org/document.cfm?id=EZSHARE-76549784-3
IDB,XI-IATI-IADB-AR-L1179,Argentina,AR-L1179 Second period Jan-Dec 2017-Public Report.pdf,https://www.iadb.org/document.cfm?id=EZSHARE-522669563-1463
IDB,XI-IATI-IADB-AR-L1179,Argentina,AR-L1179 First period Jan-Jun 2025 - Public Report.PDF,https://www.iadb.org/document.cfm?id=EZIDB0000578-522669563-47762
IDB,XI-IATI-IADB-AR-L1179,Argentina,AR-L1179 First period Jan-Jun 2016-Public Report 40797234.PDF,https://www.iadb.org/document.cfm?id=EZSHARE-76549784-4
IDB,XI-IATI-IADB-AR-L1179,Argentina,AR-L1179 Second period Jan-Dec 2019-Public Report.pdf,https://www.iadb.org/document.cfm?id=EZSHARE-522669563-33283
IDB,XI-IATI-IADB-AR-L1179,Argentina,Safeguard Policy Filter Report and Safeguard Screening Form 39466824.PDF,https://www.iadb.org/document.cfm?id=EZSHARE-1187598988-18
IDB,XI-IATI-IADB-AR-L1179,Argentina,AR-L1179 First period Jan-Jun 2021 - Public Report.pdf,https://www.iadb.org/document.cfm?id=EZSHARE-522669563-35300
IDB,XI-IATI-IADB-AR-L1179,Argentina,Contrato - Programa de Mejoramiento de Barrios 39941564.PDF,https://www.iadb.org/document.cfm?id=EZSHARE-2056220512-907
IDB,XI-IATI-IADB-AR-L1179,Argentina,Contrato Modificatorio no 2 - Programa de Mejoramiento de Barrios III Operacion Individual.pdf,https://www.iadb.org/document.cfm?id=EZSHARE-2056220512-6614
IDB,XI-IATI-IADB-AR-L1179,Argentina,AR-L1179 First period Jan-Jun 2024 - Public Report.PDF,https://www.iadb.org/document.cfm?id=EZIDB0000578-522669563-45347
IDB,XI-IATI-IADB-AR-L1179,Argentina,AR-L1179 First period Jan-Jun 2019-Public Report.pdf,https://www.iadb.org/document.cfm?id=EZSHARE-522669563-32651
IDB,XI-IATI-IADB-AR-L1179,Argentina,Programa de Mejoramiento de Barrios- Tercer Prstamo Individual de la Lnea de Crdito Condicional para Proyectos de Inversin CCLIP.pdf,https://www.iadb.org/document.cfm?id=EZSHARE-2056220512-8308
IDB,XI-IATI-IADB-AR-L1179,Argentina,Barrio Improvement Program 39621243.PDF,https://www.iadb.org/document.cfm?id=EZSHARE-1187598988-22
IDB,XI-IATI-IADB-AR-L1179,Argentina,AR-L1179 Second period Jan-Dec 2021 - Public Report.PDF,https://www.iadb.org/document.cfm?id=EZSHARE-522669563-40824
IDB,XI-IATI-IADB-AR-L1179,Argentina,AR-L1179 First period Jan-Jun 2017-Public Report.pdf,https://www.iadb.org/document.cfm?id=EZSHARE-522669563-1247
IDB,XI-IATI-IADB-AR-L1179,Argentina,AR-L1179 Second period Jan-Dec 2023 - Public Report.PDF,https://www.iadb.org/document.cfm?id=EZIDB0000578-522669563-44649
IDB,XI-IATI-IADB-AR-L1179,Argentina,AR-L1179 Second period Jan-Dec 2018-Public Report.pdf,https://www.iadb.org/document.cfm?id=EZSHARE-522669563-31970
IDB,XI-IATI-IADB-AR-L1179,Argentina,AR-L1179 Second period Jan-Dec 2024 - Public Report.PDF,https://www.iadb.org/document.cfm?id=EZIDB0000578-522669563-46010
IDB,XI-IATI-IADB-AR-L1179,Argentina,AR-L1179 First period Jan-Jun 2020 - Public Report.pdf,https://www.iadb.org/document.cfm?id=EZSHARE-522669563-33923
IDB,XI-IATI-IADB-AR-L1179,Argentina,Contrato modificatorio por cambio de organismos ejecutores.pdf,https://www.iadb.org/document.cfm?id=EZSHARE-2056220512-8627
IDB,XI-IATI-IADB-AR-L1179,Argentina,AR-L1179 First period Jan-Jun 2022 - Public Report.PDF,https://www.iadb.org/document.cfm?id=EZSHARE-522669563-42097
IDB,XI-IATI-IADB-BL-L1046,Belize,Belize. Loan and nonreimbursable investment financing proposal for the project Sustainable and Inclusive Urban Development Program.pdf,https://www.iadb.org/document.cfm?id=EZIDB0000838-1193996901-205
IDB,XI-IATI-IADB-BL-L1046,Belize,Belize. Propuesta de prestamo y financiamiento no reembolsable  Programa de Desarrollo Urbano Sostenible e Inclusivo.pdf,https://www.iadb.org/document.cfm?id=EZIDB0000838-1193996901-207
IDB,XI-IATI-IADB-BL-L1046,Belize,BL-L1046 Second period Jan-Dec 2024 - Public Report.PDF,https://www.iadb.org/document.cfm?id=EZIDB0000578-522669563-46936
IDB,XI-IATI-IADB-BL-L1046,Belize,BL-L1046 Second period Jan-Dec 2024 - Public Report.PDF,https://www.iadb.org/document.cfm?id=EZIDB0000578-522669563-47173
IDB,XI-IATI-IADB-BL-L1046,Belize,BL-L1046 Second period Jan-Dec 2024 - Public Report.PDF,https://www.iadb.org/document.cfm?id=EZIDB0000578-522669563-46108
IDB,XI-IATI-IADB-BL-L1046,Belize,BL-L1046 First period Jan-Jun 2024 - Public Report.PDF,https://www.iadb.org/document.cfm?id=EZIDB0000578-522669563-45419
IDB,XI-IATI-IADB-BL-L1046,Belize,IDB-5877OCBL-P00011-SPN-Published Version of Specific Procurement Notice-10-30-2025.pdf,https://www.iadb.org/document.cfm?id=EZIDB0000838-1821428258-55
IDB,XI-IATI-IADB-BL-L1046,Belize,Sustainable and Inclusive Urban Development Program.pdf,https://www.iadb.org/document.cfm?id=EZIDB0000366-965128629-50285
IDB,XI-IATI-IADB-BL-L1046,Belize,BL-L1046P2156948SP.pdf,https://www.iadb.org/document.cfm?id=EZIDB0000171-1375635338-39832
IDB,XI-IATI-IADB-BL-L1046,Belize,General Procurement Notice - BL-L1046 Extended version.pdf,https://www.iadb.org/document.cfm?id=EZIDB0000838-1821428258-24
IDB,XI-IATI-IADB-BL-L1046,Belize,Contract - BL-L1046 - Sustainable and Inclusive Urban Development Program.pdf,https://www.iadb.org/document.cfm?id=EZIDB0000366-2056220512-9758
IDB,XI-IATI-IADB-BL-L1046,Belize,BL-L1046 First period Jan-Jun 2025 - Public Report.PDF,https://www.iadb.org/document.cfm?id=EZIDB0000578-522669563-47329
IDB,XI-IATI-IADB-BL-L1046,Belize,Programa de Desarrollo Urbano Inclusivo y Sostenible.pdf,https://www.iadb.org/document.cfm?id=EZIDB0000366-965128629-50284
IDB,XI-IATI-IADB-BL-L1046,Belize,IDB-5877OCBL-P00022-SPN-Published Version of Specific Procurement Notice-09-09-2025.pdf,https://www.iadb.org/document.cfm?id=EZIDB0000838-1821428258-38
IDB,XI-IATI-IADB-BL-L1046,Belize,BL-L1046-P00002-BIDDINDGDOCSPECIFICPUBLISHED-RFB- San Pedro Town - Construction of Bicycle and Pedestrian Bridge Crossing revised September 4 202,https://www.iadb.org/document.cfm?id=EZIDB0000838-1821428258-39
IDB,XI-IATI-IADB-BL-L1046,Belize,BL-L1046-P00004-BIDDINDGDOCSPECIFICPUBLISHED-RFB- Tourist Park and Independence Park revised Sept 2025.pdf,https://www.iadb.org/document.cfm?id=EZIDB0000838-1821428258-41
IDB,XI-IATI-IADB-BR-L1588,Brazil,Brasil. Propuesta de prestamo individual. Programa Estatal de Vivienda  Estado de Parana  Proyecto Vida Nova.pdf,https://www.iadb.org/document.cfm?id=EZIDB0000138-1365198238-8744
IDB,XI-IATI-IADB-BR-L1588,Brazil,Programa Estatal de Vivienda - Estado de Paran - Proyecto Vida Nova.pdf,https://www.iadb.org/document.cfm?id=EZIDB0000366-965128629-50207
IDB,XI-IATI-IADB-BR-L1588,Brazil,Brazil. Individual loan proposal. State Housing Program  State of Parana  Vida Nova Project.pdf,https://www.iadb.org/document.cfm?id=EZIDB0000138-1365198238-8745
IDB,XI-IATI-IADB-BR-L1588,Brazil,5871OCBR-BR-L1588-P00029-Verso Publicada do Aviso Especifico de Aquisicoes-2.pdf,https://www.iadb.org/document.cfm?id=EZIDB0000138-1192351030-44
IDB,XI-IATI-IADB-BR-L1588,Brazil,Brazil. Individual loan proposal. State Housing Program  State of Parana  Vida Nova Project.pdf,https://www.iadb.org/document.cfm?id=EZIDB0000138-1365198238-8745
IDB,XI-IATI-IADB-BR-L1588,Brazil,BR-L1588 First period Jan-Jun 2025 - Public Report.PDF,https://www.iadb.org/document.cfm?id=EZIDB0000578-522669563-47946
IDB,XI-IATI-IADB-BR-L1588,Brazil,BR-L1588 First period Jan-Jun 2024 - Public Report.PDF,https://www.iadb.org/document.cfm?id=EZIDB0000578-522669563-45467
IDB,XI-IATI-IADB-BR-L1588,Brazil,BR-L1588 Second period Jan-Dec 2024 - Public Report.PDF,https://www.iadb.org/document.cfm?id=EZIDB0000578-522669563-46196
IDB,XI-IATI-IADB-BR-L1588,Brazil,BR-L1588 Second period Jan-Dec 2024 - Public Report.PDF,https://www.iadb.org/document.cfm?id=EZIDB0000578-522669563-46767
IDB,XI-IATI-IADB-BR-L1588,Brazil,State Housing Program - State of Paran - Vida Nova Project.pdf,https://www.iadb.org/document.cfm?id=EZIDB0000366-965128629-50208
IDB,XI-IATI-IADB-BR-L1588,Brazil,Contrato de Emprstimo e de Contrato de Garantia - BR-L1588 - Programa Estadual de Habitao  Estado do Paran  Projeto Vida Nova.pdf,https://www.iadb.org/document.cfm?id=EZIDB0000366-2056220512-9765
IDB,XI-IATI-IADB-BR-L1497,Brazil,Estudio 1 - Mitigacin de los Cambios Climticos.pdf,https://www.iadb.org/document.cfm?id=EZSHARE-832194153-30
IDB,XI-IATI-IADB-BR-L1497,Brazil,Matriz de Evidencia Empirica.PDF,https://www.iadb.org/document.cfm?id=EZSHARE-832194153-454
IDB,XI-IATI-IADB-BR-L1497,Brazil,Plan de Accin Vitria Sostenible.pdf,https://www.iadb.org/document.cfm?id=EZSHARE-832194153-29
IDB,XI-IATI-IADB-BR-L1497,Brazil,BR-L1497 1272.pdf,https://www.iadb.org/document.cfm?id=EZSHARE-1132444900-23795
IDB,XI-IATI-IADB-BR-L1497,Brazil,BR-L1497 Second period Jan-Dec 2022 - Public Report.PDF,https://www.iadb.org/document.cfm?id=EZIDB0000578-522669563-43483
IDB,XI-IATI-IADB-BR-L1497,Brazil,BR-L1497P588111SP.pdf,https://www.iadb.org/document.cfm?id=EZSHARE-1375635338-26390
IDB,XI-IATI-IADB-BR-L1497,Brazil,BR-L1497 Second period Jan-Dec 2020 - Public Report.pdf,https://www.iadb.org/document.cfm?id=EZSHARE-522669563-34721
IDB,XI-IATI-IADB-BR-L1497,Brazil,BR-L1497 Second period Jan-Dec 2024 - Public Report.PDF,https://www.iadb.org/document.cfm?id=EZIDB0000578-522669563-46148
IDB,XI-IATI-IADB-BR-L1497,Brazil,Instrumento de Alterao Contratual No. 1 - 1 Etapa do Plano de Ao Vitria Sustentvel - BR-L1497.pdf,https://www.iadb.org/document.cfm?id=EZIDB0000366-2056220512-9460
IDB,XI-IATI-IADB-BR-L1497,Brazil,Estudio 2 - Vulnerabilidad y Riesgos Naturales.pdf,https://www.iadb.org/document.cfm?id=EZSHARE-832194153-31
IDB,XI-IATI-IADB-BR-L1497,Brazil,BR-L1497 First period Jan-Jun 2021 - Public Report.pdf,https://www.iadb.org/document.cfm?id=EZSHARE-522669563-35377
IDB,XI-IATI-IADB-BR-L1497,Brazil,E1 Estudo de Base VITRIA GEE.pdf,https://www.iadb.org/document.cfm?id=EZSHARE-832194153-22
IDB,XI-IATI-IADB-BR-L1497,Brazil,Contrato de Emprstimo - 1 Etapa do Plano de Ao Vitria Sustentvel Programa de Requalificao Urbana e Segurana Cidad de Vitria.pdf,https://www.iadb.org/document.cfm?id=EZSHARE-2056220512-6574
IDB,XI-IATI-IADB-BR-L1497,Brazil,BR-L1497 First period Jan-Jun 2019-Public Report.pdf,https://www.iadb.org/document.cfm?id=EZSHARE-522669563-32818
IDB,XI-IATI-IADB-BR-L1497,Brazil,BR-L1497 First period Jan-Jun 2023 - Public Report.PDF,https://www.iadb.org/document.cfm?id=EZIDB0000578-522669563-44538
IDB,XI-IATI-IADB-BR-L1497,Brazil,Estudio 3 - Crecimiento Urbano.pdf,https://www.iadb.org/document.cfm?id=EZSHARE-832194153-32
IDB,XI-IATI-IADB-BR-L1497,Brazil,BR-L1497 First period Jan-Jun 2022 - Public Report.PDF,https://www.iadb.org/document.cfm?id=EZSHARE-522669563-42217
IDB,XI-IATI-IADB-BR-L1497,Brazil,BR-L1497 First period Jan-Jun 2025 - Public Report.PDF,https://www.iadb.org/document.cfm?id=EZIDB0000578-522669563-47945
IDB,XI-IATI-IADB-BR-L1497,Brazil,BR-L1497 Second period Jan-Dec 2019-Public Report.pdf,https://www.iadb.org/document.cfm?id=EZSHARE-522669563-33442
IDB,XI-IATI-IADB-BR-L1497,Brazil,Formulario de Evaluacion de Salvaguardia para la Clasificacion de Proyectos.pdf,https://www.iadb.org/document.cfm?id=EZSHARE-415242640-10
IDB,XI-IATI-IADB-BR-L1497,Brazil,BR-L1497P2075377SP.pdf,https://www.iadb.org/document.cfm?id=EZIDB0000171-1375635338-36600
IDB,XI-IATI-IADB-BR-L1497,Brazil,BR-L1497 First period Jan-Jun 2020 - Public Report.pdf,https://www.iadb.org/document.cfm?id=EZSHARE-522669563-34269
IDB,XI-IATI-IADB-BR-L1497,Brazil,BR-L1497P541258SP.pdf,https://www.iadb.org/document.cfm?id=EZSHARE-1375635338-25859
IDB,XI-IATI-IADB-BR-L1497,Brazil,BR-L1497P730230SP.pdf,https://www.iadb.org/document.cfm?id=EZSHARE-1375635338-31053
IDB,XI-IATI-IADB-BR-L1497,Brazil,BR-L1497P831686SP.pdf,https://www.iadb.org/document.cfm?id=EZSHARE-1375635338-31947
IDB,XI-IATI-IADB-BR-L1497,Brazil,BR-L1497P588114SP.pdf,https://www.iadb.org/document.cfm?id=EZSHARE-1375635338-26399
IDB,XI-IATI-IADB-BR-L1497,Brazil,BR-L1497 Second period Jan-Dec 2018-Public Report.pdf,https://www.iadb.org/document.cfm?id=EZSHARE-522669563-32169
IDB,XI-IATI-IADB-BR-L1497,Brazil,BR-L1497 Second period Jan-Dec 2021 - Public Report.PDF,https://www.iadb.org/document.cfm?id=EZSHARE-522669563-40956
IDB,XI-IATI-IADB-BR-L1497,Brazil,Filtro de Politica de Salvaguardias SPF.pdf,https://www.iadb.org/document.cfm?id=EZSHARE-415242640-9
IDB,XI-IATI-IADB-BR-L1497,Brazil,BR-L1497 Second period Jan-Dec 2024 - Public Report.PDF,https://www.iadb.org/document.cfm?id=EZIDB0000578-522669563-47066
IDB,XI-IATI-IADB-BR-L1497,Brazil,BR-L1497 Second period Jan-Dec 2023 - Public Report.PDF,https://www.iadb.org/document.cfm?id=EZIDB0000578-522669563-44809
IDB,XI-IATI-IADB-BR-L1497,Brazil,Brasil. Propuesta de prstamo para el Programa de Mejoramiento Urbano y Seguridad Ciudadana de Vitria.pdf,https://www.iadb.org/document.cfm?id=EZSHARE-390978735-23
IDB,XI-IATI-IADB-BR-L1497,Brazil,BR-L1497P818315SP.pdf,https://www.iadb.org/document.cfm?id=EZSHARE-1375635338-31875
IDB,XI-IATI-IADB-BR-L1497,Brazil,BR-L1497P731764SP.pdf,https://www.iadb.org/document.cfm?id=EZSHARE-1375635338-31087
IDB,XI-IATI-IADB-BR-L1497,Brazil,BR-L1497P541261SP.pdf,https://www.iadb.org/document.cfm?id=EZSHARE-1375635338-25857
IDB,XI-IATI-IADB-BR-L1497,Brazil,BR-L1497P876018SP.pdf,https://www.iadb.org/document.cfm?id=EZSHARE-1375635338-32373
IDB,XI-IATI-IADB-BR-L1497,Brazil,BR-L1497P838040SP.pdf,https://www.iadb.org/document.cfm?id=EZSHARE-1375635338-32019
IDB,XI-IATI-IADB-BR-L1497,Brazil,Pesquisa de Opiniao Pblica no Municpio de Vitria.pdf,https://www.iadb.org/document.cfm?id=EZSHARE-832194153-440
IDB,XI-IATI-IADB-BR-L1497,Brazil,BR-L1497P544114SP.pdf,https://www.iadb.org/document.cfm?id=EZSHARE-1375635338-26389
IDB,XI-IATI-IADB-BR-L1497,Brazil,BR-L1497P541260SP.pdf,https://www.iadb.org/document.cfm?id=EZSHARE-1375635338-25858
IDB,XI-IATI-IADB-BR-L1497,Brazil,BR-L1497P1071690SP.pdf,https://www.iadb.org/document.cfm?id=EZSHARE-1375635338-34134
IDB,XI-IATI-IADB-BR-L1497,Brazil,BR-L1497 First period Jan-Jun 2024 - Public Report.PDF,https://www.iadb.org/document.cfm?id=EZIDB0000578-522669563-45477
IDB,XI-IATI-IADB-BR-L1520,Brazil,BR-L1520 First period Jan-Jun 2022 - Public Report.PDF,https://www.iadb.org/document.cfm?id=EZSHARE-522669563-42231
IDB,XI-IATI-IADB-BR-L1520,Brazil,BR-L1520 First period Jan-Jun 2025 - Public Report.PDF,https://www.iadb.org/document.cfm?id=EZIDB0000578-522669563-47936
IDB,XI-IATI-IADB-BR-L1520,Brazil,BR-L1520 First period Jan-Jun 2023 - Public Report.PDF,https://www.iadb.org/document.cfm?id=EZIDB0000578-522669563-44165
IDB,XI-IATI-IADB-BR-L1520,Brazil,BR-L1520 First period Jan-Jun 2019-Public Report.pdf,https://www.iadb.org/document.cfm?id=EZSHARE-522669563-32828
IDB,XI-IATI-IADB-BR-L1520,Brazil,BR-L1520 Second period Jan-Dec 2023 - Public Report.PDF,https://www.iadb.org/document.cfm?id=EZIDB0000578-522669563-45224
IDB,XI-IATI-IADB-BR-L1520,Brazil,BR-L1520 Second period Jan-Dec 2021 - Public Report.PDF,https://www.iadb.org/document.cfm?id=EZSHARE-522669563-40962
IDB,XI-IATI-IADB-BR-L1520,Brazil,BR-L1520 First period Jan-Jun 2020 - Public Report.pdf,https://www.iadb.org/document.cfm?id=EZSHARE-522669563-34070
IDB,XI-IATI-IADB-BR-L1520,Brazil,BR-L1520 Second period Jan-Dec 2024 - Public Report.PDF,https://www.iadb.org/document.cfm?id=EZIDB0000578-522669563-46574
IDB,XI-IATI-IADB-BR-L1520,Brazil,BR-L1520 Second period Jan-Dec 2018-Public Report.pdf,https://www.iadb.org/document.cfm?id=EZSHARE-522669563-32180
IDB,XI-IATI-IADB-BR-L1520,Brazil,Aditivo No. 1 - Programa Estadual de Apoio ao Desenvolvimento Urbano e Melhorias de Infraestrutura Municipal  Paran Urbano III - BR-L1520.pdf,https://www.iadb.org/document.cfm?id=EZIDB0000366-2056220512-9556
IDB,XI-IATI-IADB-BR-L1520,Brazil,BR-L1520 Second period Jan-Dec 2024 - Public Report.PDF,https://www.iadb.org/document.cfm?id=EZIDB0000578-522669563-46945
IDB,XI-IATI-IADB-BR-L1520,Brazil,BR-L1520 Second period Jan-Dec 2024 - Public Report.PDF,https://www.iadb.org/document.cfm?id=EZIDB0000578-522669563-47176
IDB,XI-IATI-IADB-BR-L1520,Brazil,BR-L1520 First period Jan-Jun 2021 - Public Report.pdf,https://www.iadb.org/document.cfm?id=EZSHARE-522669563-35395
IDB,XI-IATI-IADB-BR-L1520,Brazil,BR-L1520P841673SP.pdf,https://www.iadb.org/document.cfm?id=EZSHARE-1375635338-32043
IDB,XI-IATI-IADB-BR-L1520,Brazil,BR-L1520 First period Jan-Jun 2024 - Public Report.PDF,https://www.iadb.org/document.cfm?id=EZIDB0000578-522669563-45448
IDB,XI-IATI-IADB-BR-L1520,Brazil,BR-L1520 Second period Jan-Dec 2022 - Public Report.PDF,https://www.iadb.org/document.cfm?id=EZIDB0000578-522669563-43499
IDB,XI-IATI-IADB-BR-L1520,Brazil,BR-L1520 Second period Jan-Dec 2019-Public Report.pdf,https://www.iadb.org/document.cfm?id=EZSHARE-522669563-33455
IDB,XI-IATI-IADB-BR-L1520,Brazil,Programa Estadual de Apoio ao Desenvolvimento Urbano e Melhorias de Infraestrutura Municipal  Paran Urbano III.pdf,https://www.iadb.org/document.cfm?id=EZSHARE-2056220512-8301
IDB,XI-IATI-IADB-BR-L1520,Brazil,BR-L1520 Second period Jan-Dec 2020 - Public Report.pdf,https://www.iadb.org/document.cfm?id=EZSHARE-522669563-34740
IDB,XI-IATI-IADB-BR-L1520,Brazil,Aditivo No 2 - BR-L1520 - Programa Estadual de Apoio ao Desenvolvimento Urbano e Melhorias  de Infraestrutura Municipal Paran Urbano III.pdf,https://www.iadb.org/document.cfm?id=EZIDB0000366-2056220512-10165
IDB,XI-IATI-IADB-BR-L1596,Brazil,BR-L1596 First period Jan-Jun 2023 - Public Report.PDF,https://www.iadb.org/document.cfm?id=EZIDB0000578-522669563-44201
IDB,XI-IATI-IADB-BR-L1596,Brazil,ProMorar Brasil - Promotion of New Housing Strategies in Brazil for Low-income Population.pdf,https://www.iadb.org/document.cfm?id=EZIDB0000366-965128629-49847
IDB,XI-IATI-IADB-BR-L1596,Brazil,ProMorar Brasil - Promocin de Nuevas  Estrategias de Vivienda en Brasil para Poblacin de Bajos Ingresos.pdf,https://www.iadb.org/document.cfm?id=EZIDB0000366-965128629-49846
IDB,XI-IATI-IADB-BR-L1596,Brazil,BR-L1596 First period Jan-Jun 2024 - Public Report.PDF,https://www.iadb.org/document.cfm?id=EZIDB0000578-522669563-45548
IDB,XI-IATI-IADB-BR-L1596,Brazil,BR-L1596 Second period Jan-Dec 2024 - Public Report.PDF,https://www.iadb.org/document.cfm?id=EZIDB0000578-522669563-46579
IDB,XI-IATI-IADB-BR-L1596,Brazil,Brasil. ProMorar Brasil - Promocion de Nuevas Estrategias de Vivienda en Brasil para Poblacion de Bajos Ingresos.pdf,https://www.iadb.org/document.cfm?id=EZIDB0000138-1333682006-8673
IDB,XI-IATI-IADB-BR-L1596,Brazil,Contrato de Emprstimo - BR-L1596 - ProMorar Brasil  Promoo de Novas Estratgias de Habitao no Brasil para a Populao de Baixa Renda.pdf,https://www.iadb.org/document.cfm?id=EZIDB0000366-2056220512-9767
IDB,XI-IATI-IADB-BR-L1596,Brazil,Brazil. ProMorar Brazil - Promoting New Housing Strategies in Brazil for Low-income Population.pdf,https://www.iadb.org/document.cfm?id=EZIDB0000138-1333682006-8674
IDB,XI-IATI-IADB-BR-L1596,Brazil,BR-L1596 First period Jan-Jun 2025 - Public Report.PDF,https://www.iadb.org/document.cfm?id=EZIDB0000578-522669563-47809
IDB,XI-IATI-IADB-BR-L1596,Brazil,BR-L1596 Second period Jan-Dec 2023 - Public Report.PDF,https://www.iadb.org/document.cfm?id=EZIDB0000578-522669563-44816
IDB,XI-IATI-IADB-EC-L1245,Ecuador,EC-L1245 Second period Jan-Dec 2019-Public Report.pdf,https://www.iadb.org/document.cfm?id=EZSHARE-522669563-33557
IDB,XI-IATI-IADB-EC-L1245,Ecuador,Contrato Modificatorio No. 2 - Soluciones de Vivienda para Hogares Pobres y Vulnerables.pdf,https://www.iadb.org/document.cfm?id=EZIDB0000366-2056220512-9588
IDB,XI-IATI-IADB-EC-L1245,Ecuador,Ecuador - Modification loan 4788-OC-EC.pdf,https://www.iadb.org/document.cfm?id=EZIDB0000233-301221770-136
IDB,XI-IATI-IADB-EC-L1245,Ecuador,EC-L1245 First period Jan-Jun 2019-Public Report.pdf,https://www.iadb.org/document.cfm?id=EZSHARE-522669563-32921
IDB,XI-IATI-IADB-EC-L1245,Ecuador,EC-L1245 Second period Jan-Dec 2023 - Public Report.PDF,https://www.iadb.org/document.cfm?id=EZIDB0000578-522669563-44957
IDB,XI-IATI-IADB-EC-L1245,Ecuador,Ecuador. Proposal for Conditional Credit Line for Investment Projects CCLIP for the Casa para Todos Sector Program and first individual loan under,https://www.iadb.org/document.cfm?id=EZSHARE-301221770-60
IDB,XI-IATI-IADB-EC-L1245,Ecuador,Ecuador. EC-L1245 - Propuesta de Modificacin del Contrato de Prstamo.pdf,https://www.iadb.org/document.cfm?id=EZSHARE-301221770-105
IDB,XI-IATI-IADB-EC-L1245,Ecuador,EC-L1245 First period Jan-Jun 2024 - Public Report.PDF,https://www.iadb.org/document.cfm?id=EZIDB0000578-522669563-45622
IDB,XI-IATI-IADB-EC-L1245,Ecuador,EC-L1245 First period Jan-Jun 2025 - Public Report.PDF,https://www.iadb.org/document.cfm?id=EZIDB0000578-522669563-47525
IDB,XI-IATI-IADB-EC-L1245,Ecuador,EC-L1245 First period Jan-Jun 2022 - Public Report.PDF,https://www.iadb.org/document.cfm?id=EZSHARE-522669563-42329
IDB,XI-IATI-IADB-EC-L1245,Ecuador,EC-L1245 First period Jan-Jun 2020 - Public Report.pdf,https://www.iadb.org/document.cfm?id=EZSHARE-522669563-34191
IDB,XI-IATI-IADB-EC-L1245,Ecuador,EC-L1245 First period Jan-Jun 2021 - Public Report.pdf,https://www.iadb.org/document.cfm?id=EZSHARE-522669563-35529
IDB,XI-IATI-IADB-EC-L1245,Ecuador,Ecuador. Propuesta de Lnea de Crdito Condicional para Proyectos de Inversin CCLIP para el Programa Sectorial Casa para Todos y primer prstamo,https://www.iadb.org/document.cfm?id=EZSHARE-301221770-59
IDB,XI-IATI-IADB-EC-L1245,Ecuador,EC-L1245 Second period Jan-Dec 2024 - Public Report.PDF,https://www.iadb.org/document.cfm?id=EZIDB0000578-522669563-46317
IDB,XI-IATI-IADB-EC-L1245,Ecuador,Contrato Modificatorio No. 1 - Soluciones de Vivienda para Hogares Pobres y Vulnerables.pdf,https://www.iadb.org/document.cfm?id=EZSHARE-2056220512-8546
IDB,XI-IATI-IADB-EC-L1245,Ecuador,Contrato - Soluciones de Vivienda para Hogares Pobres y Vulnerables.pdf,https://www.iadb.org/document.cfm?id=EZSHARE-2056220512-6429
IDB,XI-IATI-IADB-EC-L1245,Ecuador,EC-L1245 Second period Jan-Dec 2022 - Public Report.PDF,https://www.iadb.org/document.cfm?id=EZIDB0000578-522669563-43597
IDB,XI-IATI-IADB-EC-L1245,Ecuador,Ecuador. EC-L1245 - Proposed Modification of Loan Contract.pdf,https://www.iadb.org/document.cfm?id=EZSHARE-301221770-106
IDB,XI-IATI-IADB-EC-L1245,Ecuador,Ecuador - Modificacion prestamo 4788-OC-EC.pdf,https://www.iadb.org/document.cfm?id=EZIDB0000233-301221770-137
IDB,XI-IATI-IADB-EC-L1245,Ecuador,EC-L1245 Second period Jan-Dec 2021 - Public Report.PDF,https://www.iadb.org/document.cfm?id=EZSHARE-522669563-41056
IDB,XI-IATI-IADB-EC-L1245,Ecuador,EC-L1245 First period Jan-Jun 2023 - Public Report.PDF,https://www.iadb.org/document.cfm?id=EZIDB0000578-522669563-44235
IDB,XI-IATI-IADB-EC-L1245,Ecuador,EC-L1245 Second period Jan-Dec 2020 - Public Report.pdf,https://www.iadb.org/document.cfm?id=EZSHARE-522669563-34890
IDB,XI-IATI-IADB-EC-L1245,Ecuador,AGenAdqEC-L1245.pdf,https://www.iadb.org/document.cfm?id=EZIDB0000233-277453730-392
IDB,XI-IATI-IADB-EC-U0010,Ecuador,Financing Affordable Housing in Ecuador II - EC-U0010.pdf,https://www.iadb.org/document.cfm?id=EZIDB0000366-965128629-50910
IDB,XI-IATI-IADB-EC-U0010,Ecuador,Financiamiento de Vivienda Social en Ecuador II - EC-U0010.pdf,https://www.iadb.org/document.cfm?id=EZIDB0000366-965128629-50911
IDB,XI-IATI-IADB-EC-U0010,Ecuador,LP - Ecuador - Financiamiento de Vivienda Social en Ecuador II - EC-U0010.pdf,https://www.iadb.org/document.cfm?id=EZIDB000597-2104717658-62
IDB,XI-IATI-IADB-EC-U0010,Ecuador,LP - Ecuador Financing Affordable Housing in Ecuador II - EC-U0010.pdf,https://www.iadb.org/document.cfm?id=EZIDB000597-2104717658-63
IDB,XI-IATI-IADB-EC-L1290,Ecuador,EC-L1290 Second period Jan-Dec 2024 - Public Report.PDF,https://www.iadb.org/document.cfm?id=EZIDB0000578-522669563-47076
IDB,XI-IATI-IADB-EC-L1290,Ecuador,Ecuador. Financing the Housing and Microbusiness Needs of the Population of the Popular and Solidarity Economy.pdf,https://www.iadb.org/document.cfm?id=EZIDB0000810-569640744-60
IDB,XI-IATI-IADB-EC-L1290,Ecuador,EC-L1290 Second period Jan-Dec 2024 - Public Report.PDF,https://www.iadb.org/document.cfm?id=EZIDB0000578-522669563-46320
IDB,XI-IATI-IADB-EC-L1290,Ecuador,Ecuador. Financiamiento de las Necesidades de Vivienda y Micronegocios de la Poblacion de la Economia Popular y Solidaria.pdf,https://www.iadb.org/document.cfm?id=EZIDB0000810-569640744-59
IDB,XI-IATI-IADB-EC-L1290,Ecuador,AVISO GENERAL DE ADQUISICIONESrev.pdf,https://www.iadb.org/document.cfm?id=EZIDB0000810-437921442-10
IDB,XI-IATI-IADB-EC-L1290,Ecuador,Contrato de Prstamo - EC-L1290 - Financiamiento de Soluciones Habitacionales de la Poblacin de la Economa Popular y Solidaria EPS.pdf,https://www.iadb.org/document.cfm?id=EZIDB0000366-2056220512-9913
IDB,XI-IATI-IADB-EC-L1290,Ecuador,Contrato de Garanta - EC-L1290 - Financiamiento de Soluciones Habitacionales de la Poblacin de la Economa Popular y Solidaria EPS.pdf,https://www.iadb.org/document.cfm?id=EZIDB0000366-2056220512-9914
IDB,XI-IATI-IADB-EC-L1290,Ecuador,EC-L1290 First period Jan-Jun 2025 - Public Report.PDF,https://www.iadb.org/document.cfm?id=EZIDB0000578-522669563-48133
IDB,XI-IATI-IADB-EC-L1290,Ecuador,AVISO GENERAL DE ADQUISICIONESrev.pdf,https://www.iadb.org/document.cfm?id=EZIDB0002017-1891232373-7
IDB,XI-IATI-IADB-EC-L1290,Ecuador,Financiamiento de Soluciones Habitacionales de la Poblacin de la Economa Popular y Solidaria EPS.pdf,https://www.iadb.org/document.cfm?id=EZIDB0000366-965128629-50312
IDB,XI-IATI-IADB-EC-L1290,Ecuador,Financing Housing Solutions for the Popular and Solidarity Economy.pdf,https://www.iadb.org/document.cfm?id=EZIDB0000366-965128629-50313
IDB,XI-IATI-IADB-EC-L1290,Ecuador,EC-L1290 Second period Jan-Dec 2024 - Public Report.PDF,https://www.iadb.org/document.cfm?id=EZIDB0000578-522669563-47124
IDB,XI-IATI-IADB-EC-U0001,Ecuador,POD - Anexo IV - Filtro de Polticas de Salvaguardias - EC-U0001.pdf,https://www.iadb.org/document.cfm?id=EZSHARE-290333042-13
IDB,XI-IATI-IADB-EC-U0001,Ecuador,Ecuador. Proposal for a guarantee for the project of Financing Low-income Housing in Ecuador - EC-U0001.pdf,https://www.iadb.org/document.cfm?id=EZSHARE-290333042-30
IDB,XI-IATI-IADB-EC-U0001,Ecuador,POD - ELink Opcional - Nota Sectorial Sector Vivienda y Des Publico - EC-U0001-.pdf,https://www.iadb.org/document.cfm?id=EZSHARE-290333042-11
IDB,XI-IATI-IADB-EC-U0001,Ecuador,Financiamiento de Vivienda Social en Ecuador.pdf,https://www.iadb.org/document.cfm?id=EZSHARE-1470197173-48304
IDB,XI-IATI-IADB-EC-U0001,Ecuador,EC-U0001 Second period Jan-Dec 2019-Public Report.pdf,https://www.iadb.org/document.cfm?id=EZSHARE-522669563-33564
IDB,XI-IATI-IADB-EC-U0001,Ecuador,Ecuador. Propuesta de garanta para el proyecto de Financiamiento de Vivienda Social en Ecuador - EC-U0001.pdf,https://www.iadb.org/document.cfm?id=EZSHARE-290333042-29
IDB,XI-IATI-IADB-EC-U0001,Ecuador,EC-U0001 Second period Jan-Dec 2021 - Public Report.PDF,https://www.iadb.org/document.cfm?id=EZSHARE-522669563-41068
IDB,XI-IATI-IADB-EC-U0001,Ecuador,EC-U0001 Second period Jan-Dec 2018-Public Report.pdf,https://www.iadb.org/document.cfm?id=EZSHARE-522669563-32282
IDB,XI-IATI-IADB-EC-U0001,Ecuador,EC-U0001 Second period Jan-Dec 2023 - Public Report.PDF,https://www.iadb.org/document.cfm?id=EZIDB0000578-522669563-45258
IDB,XI-IATI-IADB-EC-U0001,Ecuador,Financiamiento de Vivienda Social en Ecuador.pdf,https://www.iadb.org/document.cfm?id=EZSHARE-2056220512-6698
IDB,XI-IATI-IADB-EC-U0001,Ecuador,EC-U0001 Second period Jan-Dec 2020 - Public Report.pdf,https://www.iadb.org/document.cfm?id=EZSHARE-522669563-34871
IDB,XI-IATI-IADB-EC-U0001,Ecuador,Guarantee Agreement - EC-U0001.pdf,https://www.iadb.org/document.cfm?id=EZSHARE-2056220512-8896
IDB,XI-IATI-IADB-EC-U0001,Ecuador,EC-U0001 Second period Jan-Dec 2022 - Public Report.PDF,https://www.iadb.org/document.cfm?id=EZIDB0000578-522669563-43608
IDB,XI-IATI-IADB-EC-U0001,Ecuador,EC-U0001 First period Jan-Jun 2025 - Public Report.PDF,https://www.iadb.org/document.cfm?id=EZIDB0000578-522669563-47845
IDB,XI-IATI-IADB-EC-U0001,Ecuador,EC-U0001 First period Jan-Jun 2021 - Public Report.pdf,https://www.iadb.org/document.cfm?id=EZSHARE-522669563-35570
IDB,XI-IATI-IADB-EC-U0001,Ecuador,EC-U0001 First period Jan-Jun 2020 - Public Report.pdf,https://www.iadb.org/document.cfm?id=EZSHARE-522669563-34199
IDB,XI-IATI-IADB-EC-U0001,Ecuador,Financing Low-income Housing in Ecuador.pdf,https://www.iadb.org/document.cfm?id=EZSHARE-1470197173-48305
IDB,XI-IATI-IADB-EC-U0001,Ecuador,EC-U0001 First period Jan-Jun 2022 - Public Report.PDF,https://www.iadb.org/document.cfm?id=EZSHARE-522669563-42312
IDB,XI-IATI-IADB-EC-U0001,Ecuador,EC-U0001 First period Jan-Jun 2023 - Public Report.PDF,https://www.iadb.org/document.cfm?id=EZIDB0000578-522669563-44572
IDB,XI-IATI-IADB-EC-U0001,Ecuador,POD - ELink Opcional - Green Social  Sustainability Bonds - EC-U0001.pdf,https://www.iadb.org/document.cfm?id=EZSHARE-290333042-12
IDB,XI-IATI-IADB-EC-U0001,Ecuador,EC-U0001 First period Jan-Jun 2024 - Public Report.PDF,https://www.iadb.org/document.cfm?id=EZIDB0000578-522669563-45589
IDB,XI-IATI-IADB-EC-U0001,Ecuador,EC-U0001 Second period Jan-Dec 2024 - Public Report.PDF,https://www.iadb.org/document.cfm?id=EZIDB0000578-522669563-46604
IDB,XI-IATI-IADB-ES-L1165,El Salvador,ES-L1165 First period Jan-Jun 2025 - Public Report.PDF,https://www.iadb.org/document.cfm?id=EZIDB0000578-522669563-47999
IDB,XI-IATI-IADB-ES-L1165,El Salvador,Financing Program for Sustainable Inclusive Low-income Housing - ES-L1165.pdf,https://www.iadb.org/document.cfm?id=EZIDB0000366-965128629-50490
IDB,XI-IATI-IADB-ES-L1165,El Salvador,Programa de Financiamiento para Vivienda Social Inclusiva y Sostenible - ES-L1165.pdf,https://www.iadb.org/document.cfm?id=EZIDB0000366-965128629-50491
IDB,XI-IATI-IADB-ES-L1165,El Salvador,ES-L1165 Second period Jan-Dec 2024 - Public Report.PDF,https://www.iadb.org/document.cfm?id=EZIDB0000578-522669563-46616
IDB,XI-IATI-IADB-ES-L1165,El Salvador,El Salvador - Proposal for an indv loan for the Financing Program for Sustainable Inclusive Low-income Housing PR-5257 - ES-L1165.pdf,https://www.iadb.org/document.cfm?id=EZIDB0001483-1691508791-79
IDB,XI-IATI-IADB-ES-L1165,El Salvador,El Salvador - Propuesta de prestamo indv para el Programa de Financiamiento para Vivienda Social Inclusiva y Sostenible PR-5257 - ES-L1165.pdf,https://www.iadb.org/document.cfm?id=EZIDB0001483-1691508791-80
IDB,XI-IATI-IADB-ES-L1165,El Salvador,Contrato - ES-L1165 - Programa de Financiamiento para Vivienda Social Inclusiva y Sostenible.pdf,https://www.iadb.org/document.cfm?id=EZIDB0000366-2056220512-9972
IDB,XI-IATI-IADB-ES-L1172,El Salvador,El Salvador. Propuesta de prestamo para el Programa Integral de Regeneracion Urbana y Revitalizacion Sostenible de los Mercados MunicipalesES-L1172,https://www.iadb.org/document.cfm?id=EZIDB0002929-1466777329-109
IDB,XI-IATI-IADB-ES-L1172,El Salvador,El Salvador. Loan proposal for the Comprehensive Program for Urban Regeneration and Sustainable Revitalization of Municipal MarketsES-L1172.pdf,https://www.iadb.org/document.cfm?id=EZIDB0002929-1466777329-110
IDB,XI-IATI-IADB-ES-L1172,El Salvador,Programa Integral de Regeneracin Urbana y Revitalizacin Sostenible de los Mercados Municipales en Santa Tecla y la Libertad - ES-L1172.pdf,https://www.iadb.org/document.cfm?id=EZIDB0000366-965128629-50740
IDB,XI-IATI-IADB-ES-L1172,El Salvador,Comprehensive Program for Urban Regeneration and Sustainable Revitalization of Municipal Markets in Santa Tecla and La Libertad - ES-L1172.pdf,https://www.iadb.org/document.cfm?id=EZIDB0000366-965128629-50741
IDB,XI-IATI-IADB-ES-L1172,El Salvador,Contrato - Programa Integral de Regeneracin Urbana y Revitalizacin Sostenible de los Mercados Municipales en Santa Tecla y La Libertad.pdf,https://www.iadb.org/document.cfm?id=EZIDB0000366-2056220512-10168
IDB,XI-IATI-IADB-ME-L1167,Mexico,ME-L1167 First period Jan-Jun 2017-Public Report.pdf,https://www.iadb.org/document.cfm?id=EZSHARE-522669563-1229
IDB,XI-IATI-IADB-ME-L1167,Mexico,ME-L1167 Second period Jan-Dec 2017-Public Report.pdf,https://www.iadb.org/document.cfm?id=EZSHARE-522669563-2088
IDB,XI-IATI-IADB-ME-L1167,Mexico,Clculo de Indice de Vulnerabilidad 39632820.PDF,https://www.iadb.org/document.cfm?id=EZSHARE-753875181-24
IDB,XI-IATI-IADB-ME-L1167,Mexico,Project to Address Social and Basic Services Gaps in Urban Areas 39983519.PDF,https://www.iadb.org/document.cfm?id=EZSHARE-753875181-32
IDB,XI-IATI-IADB-ME-L1167,Mexico,ME-L1167 Second period Jan-Dec 2016-Public Report.pdf,https://www.iadb.org/document.cfm?id=EZSHARE-522669563-575
IDB,XI-IATI-IADB-ME-L1167,Mexico,ME-L1167 Second period Jan-Dec 2015-Public Report 40378220.PDF,https://www.iadb.org/document.cfm?id=EZSHARE-1834923705-2
IDB,XI-IATI-IADB-ME-L1167,Mexico,ME-L1167 First period Jan-Jun 2016-Public Report 40799270.PDF,https://www.iadb.org/document.cfm?id=EZSHARE-1834923705-3
IDB,XI-IATI-IADB-ME-L1167,Mexico,Contrato - Proyecto de Atencin a reas Urbanas con Rezago Social y de Servicios Bsicos 40744403.PDF,https://www.iadb.org/document.cfm?id=EZSHARE-2056220512-1038
IDB,XI-IATI-IADB-ME-L1167,Mexico,Caracterizacin de Desempeo Socio- Ambiental -  Anlisis de los Procedimientos Ambientales Aplicados e Identifi 39627069.PDF,https://www.iadb.org/document.cfm?id=EZSHARE-753875181-17
IDB,XI-IATI-IADB-ME-L1167,Mexico,Proyecto de Atencin a reas Urbanas con Rezago Social y de Servicios Bsicos 39982832.PDF,https://www.iadb.org/document.cfm?id=EZSHARE-753875181-31
IDB,XI-IATI-IADB-PN-L1154,Panama,PN-L1154P596589SP.pdf,https://www.iadb.org/document.cfm?id=EZSHARE-1375635338-26463
IDB,XI-IATI-IADB-PN-L1154,Panama,PN-L115461212SP.pdf,https://www.iadb.org/document.cfm?id=EZSHARE-1375635338-26485
IDB,XI-IATI-IADB-PN-L1154,Panama,PN-L1154P11761211SP.pdf,https://www.iadb.org/document.cfm?id=EZIDB0000171-1375635338-35539
IDB,XI-IATI-IADB-PN-L1154,Panama,PN-L1154 First period Jan-Jun 2021 - Public Report.pdf,https://www.iadb.org/document.cfm?id=EZSHARE-522669563-35778
IDB,XI-IATI-IADB-PN-L1154,Panama,PN-L115416123SP.pdf,https://www.iadb.org/document.cfm?id=EZSHARE-1375635338-26495
IDB,XI-IATI-IADB-PN-L1154,Panama,Panama. Loan proposal for the Program of Comprehensive Urban Development of Cities with Tourism Potential.pdf,https://www.iadb.org/document.cfm?id=EZSHARE-200536716-71
IDB,XI-IATI-IADB-PN-L1154,Panama,PN-L1154 Second period Jan-Dec 2023 - Public Report.PDF,https://www.iadb.org/document.cfm?id=EZIDB0000578-522669563-45074
IDB,XI-IATI-IADB-PN-L1154,Panama,Program of Comprehensive Urban Development of Cities with Tourism Potential.pdf,https://www.iadb.org/document.cfm?id=EZSHARE-965128629-48652
IDB,XI-IATI-IADB-PN-L1154,Panama,PN-L1154 Second period Jan-Dec 2020 - Public Report.pdf,https://www.iadb.org/document.cfm?id=EZSHARE-522669563-35184
IDB,XI-IATI-IADB-PN-L1154,Panama,Programa de Desarrollo Urbano Integral de Ciudades con Vocacin Turstica.pdf,https://www.iadb.org/document.cfm?id=EZSHARE-2056220512-8261
IDB,XI-IATI-IADB-PN-L1154,Panama,PN-L1154P591612SP.pdf,https://www.iadb.org/document.cfm?id=EZSHARE-1375635338-26417
IDB,XI-IATI-IADB-PN-L1154,Panama,PN-L1154P974194SP.pdf,https://www.iadb.org/document.cfm?id=EZSHARE-1375635338-33311
IDB,XI-IATI-IADB-PN-L1154,Panama,PN-L1154P956065SP.pdf,https://www.iadb.org/document.cfm?id=EZSHARE-1375635338-33131
IDB,XI-IATI-IADB-PN-L1154,Panama,Proyecto de Mejora y Fortalecimiento de la Gestin Fiscal del Estado de Rio Grande do Sul - PROFISCO II-RS.pdf,https://www.iadb.org/document.cfm?id=EZSHARE-965128629-48651
IDB,XI-IATI-IADB-PN-L1154,Panama,Panam. Propuesta de prstamo para el Programa de Desarrollo Urbano Integral de Ciudades con Vocacin Turstica.pdf,https://www.iadb.org/document.cfm?id=EZSHARE-200536716-72
IDB,XI-IATI-IADB-PN-L1154,Panama,IDB-4944OCPN-P00096-SPN-Versin Publicada del Aviso Especfico de Adquisiciones-09-01-2025.pdf,https://www.iadb.org/document.cfm?id=EZIDB0000434-170004475-1404
IDB,XI-IATI-IADB-PN-L1154,Panama,PN-L1154-P00102-Otros despues de completado el hito-2-Enmienda No.3 - firmada para visualizacion interna-02-12-2026.pdf,https://www.iadb.org/document.cfm?id=EZIDB0000434-170004475-1485
IDB,XI-IATI-IADB-PN-L1154,Panama,4944OCPN-PN-L1154-P0063-Otros despues de completado el hito-2027-Enmienda 5 Movilidad Pedasi-06-05-2026.pdf,https://www.iadb.org/document.cfm?id=EZIDB0000434-170004475-1619
IDB,XI-IATI-IADB-PN-L1154,Panama,4944OCPN-PN-L1154-P00105-Otros despues de completado el hito-Enmienda 1 para visualizacion internacional-06-05-2026.pdf,https://www.iadb.org/document.cfm?id=EZIDB0000434-170004475-1620
IDB,XI-IATI-IADB-PN-L1154,Panama,4944OCPN-PN-L1154-P00098-Otros despues de completado el hito-Enmienda para visualizacion internacional-06-05-2026.pdf,https://www.iadb.org/document.cfm?id=EZIDB0000434-170004475-1621
IDB,XI-IATI-IADB-PN-L1154,Panama,IDB-4944OCPN-P00104-SPN-Versin Publicada del Aviso Especfico de Adquisiciones-06-24-2026.pdf,https://www.iadb.org/document.cfm?id=EZIDB0000434-170004475-1668
IDB,XI-IATI-IADB-PN-L1154,Panama,PN-L1154 Second period Jan-Dec 2022 - Public Report.PDF,https://www.iadb.org/document.cfm?id=EZIDB0000578-522669563-43745
IDB,XI-IATI-IADB-PN-L1154,Panama,PN-L1154P1074861.SP.pdf,https://www.iadb.org/document.cfm?id=EZSHARE-1375635338-34368
IDB,XI-IATI-IADB-PN-L1154,Panama,PN-L1154P555316GN.pdf,https://www.iadb.org/document.cfm?id=EZSHARE-1375635338-26108
IDB,XI-IATI-IADB-PN-L1154,Panama,PN-L1154P1074861SP.pdf,https://www.iadb.org/document.cfm?id=EZSHARE-1375635338-34281
IDB,XI-IATI-IADB-PN-L1154,Panama,PN-L115465892SP.pdf,https://www.iadb.org/document.cfm?id=EZSHARE-1375635338-26536
IDB,XI-IATI-IADB-PN-L1154,Panama,PN-L1154P952091SP.pdf,https://www.iadb.org/document.cfm?id=EZSHARE-1375635338-33077
IDB,XI-IATI-IADB-PN-L1154,Panama,PN-L1154P936959SP.pdf,https://www.iadb.org/document.cfm?id=EZSHARE-1375635338-32939
IDB,XI-IATI-IADB-PN-L1154,Panama,PN-L1154P899884SP.pdf,https://www.iadb.org/document.cfm?id=EZSHARE-1375635338-32568
IDB,XI-IATI-IADB-PN-L1154,Panama,PN-L1154 First period Jan-Jun 2024 - Public Report.PDF,https://www.iadb.org/document.cfm?id=EZIDB0000578-522669563-45779
IDB,XI-IATI-IADB-PN-L1154,Panama,PN-L1154-P00095 -LPI-001Enmienda 2No objecinInformacin y sealizaciones tursticas.pdf,https://www.iadb.org/document.cfm?id=EZIDB0000434-170004475-1409
IDB,XI-IATI-IADB-PN-L1154,Panama,PN-L1154 First period Jan-Jun 2025 - Public Report.PDF,https://www.iadb.org/document.cfm?id=EZIDB0000578-522669563-47885
IDB,XI-IATI-IADB-PN-L1154,Panama,PN-L1154P11761212SP.pdf,https://www.iadb.org/document.cfm?id=EZIDB0000171-1375635338-35587
IDB,XI-IATI-IADB-PN-L1154,Panama,PN-L1154 Second period Jan-Dec 2019-Public Report.pdf,https://www.iadb.org/document.cfm?id=EZSHARE-522669563-33768
IDB,XI-IATI-IADB-PN-L1154,Panama,PN-L1154 First period Jan-Jun 2020 - Public Report.pdf,https://www.iadb.org/document.cfm?id=EZSHARE-522669563-34400
IDB,XI-IATI-IADB-PN-L1154,Panama,PN-L1154P979658SP.pdf,https://www.iadb.org/document.cfm?id=EZSHARE-1375635338-33380
IDB,XI-IATI-IADB-PN-L1154,Panama,IDB-4944OCPN-P00107-SPN-Versin Publicada del Aviso Especfico de Adquisiciones-12-15-2025.pdf,https://www.iadb.org/document.cfm?id=EZIDB0000434-170004475-1465
IDB,XI-IATI-IADB-PN-L1154,Panama,P00102-Otros despues de completado el hito-Enmienda No.1 firmada para visualizacion internaci-01-19-2026.pdf,https://www.iadb.org/document.cfm?id=EZIDB0000434-170004475-1468
IDB,XI-IATI-IADB-PN-L1154,Panama,PN-L1154-P00102-Otros despues de completado el hito-2-Enmienda No.2 - firmada para visualizacion interna-01-30-2026.pdf,https://www.iadb.org/document.cfm?id=EZIDB0000434-170004475-1482
IDB,XI-IATI-IADB-PN-L1154,Panama,PN-L1154-P0063-Otros despues de completado el hito-Enmienda 1 para publicacion internacional-03-04-2026.pdf,https://www.iadb.org/document.cfm?id=EZIDB0000434-170004475-1500
IDB,XI-IATI-IADB-PN-L1154,Panama,IDB-4944OCPN-P00098-SPN-Versin Publicada del Aviso Especfico de Adquisiciones-05-14-2026.pdf,https://www.iadb.org/document.cfm?id=EZIDB0000434-170004475-1597
IDB,XI-IATI-IADB-PN-L1154,Panama,IDB-4944OCPN-P00105-SPN-Versin Publicada del Aviso Especfico de Adquisiciones-05-12-2026.pdf,https://www.iadb.org/document.cfm?id=EZIDB0000434-170004475-1601
IDB,XI-IATI-IADB-PN-L1154,Panama,PN-L1154908779SP.pdf,https://www.iadb.org/document.cfm?id=EZSHARE-1375635338-32668
IDB,XI-IATI-IADB-PN-L1154,Panama,PN-L1154P1176121SP.pdf,https://www.iadb.org/document.cfm?id=EZIDB0000171-1375635338-35160
IDB,XI-IATI-IADB-PN-L1154,Panama,PN-L1154 Second period Jan-Dec 2021 - Public Report.PDF,https://www.iadb.org/document.cfm?id=EZSHARE-522669563-41220
IDB,XI-IATI-IADB-PN-L1154,Panama,PN-L1154 First period Jan-Jun 2022 - Public Report.PDF,https://www.iadb.org/document.cfm?id=EZSHARE-522669563-42522
IDB,XI-IATI-IADB-PN-L1154,Panama,IDB-4944OCPN-P0063-SPN-Versin Publicada del Aviso Especfico de Adquisiciones-01-19-2026.pdf,https://www.iadb.org/document.cfm?id=EZIDB0000434-170004475-1495
IDB,XI-IATI-IADB-PN-L1154,Panama,PN-L1154 First period Jan-Jun 2023 - Public Report.PDF,https://www.iadb.org/document.cfm?id=EZIDB0000578-522669563-44405
IDB,XI-IATI-IADB-PN-L1154,Panama,PN-L1154P1095261SP.pdf,https://www.iadb.org/document.cfm?id=EZSHARE-1375635338-34395
IDB,XI-IATI-IADB-PN-L1154,Panama,PN-L1154P1061814SP.pdf,https://www.iadb.org/document.cfm?id=EZSHARE-1375635338-34074
IDB,XI-IATI-IADB-PN-L1154,Panama,2025-LPI-002Clarificacin V1Movilidad turstica Boquete.pdf,https://www.iadb.org/document.cfm?id=EZIDB0000434-170004475-1414
IDB,XI-IATI-IADB-PN-L1154,Panama,Enmienda 3 - Solicitud de no objecin con ampliacin LPI-002-2025Movilidad Boquete.pdf,https://www.iadb.org/document.cfm?id=EZIDB0000434-170004475-1443
IDB,XI-IATI-IADB-PN-L1154,Panama,IDB-4944OCPN-P00102-SPN-Versin Publicada del Aviso Especfico de Adquisiciones-11-21-2025.pdf,https://www.iadb.org/document.cfm?id=EZIDB0000434-170004475-1445
IDB,XI-IATI-IADB-PN-L1154,Panama,4944OCPN-PN-L1154-P0063-Otros despues de completado el hito-2027-enmienda 2 movilidad pedasi firmada para visualiza-04-13-2026.pdf,https://www.iadb.org/document.cfm?id=EZIDB0000434-170004475-1534
IDB,XI-IATI-IADB-PN-L1154,Panama,4944OCPN-PN-L1154-P0063-Otros despues de completado el hito-2027-Enmienda 3 para visualizacion internacional-05-06-2026.pdf,https://www.iadb.org/document.cfm?id=EZIDB0000434-170004475-1565
IDB,XI-IATI-IADB-PN-L1154,Panama,4944OCPN-PN-L1154-P0063-Otros despues de completado el hito-2027-Enmienda 4 para publicacion internacional-05-20-2026.pdf,https://www.iadb.org/document.cfm?id=EZIDB0000434-170004475-1593
IDB,XI-IATI-IADB-PN-L1154,Panama,IDB-4944OCPN-P00128-SPN-Versin Publicada del Aviso Especfico de Adquisiciones-06-15-2026.pdf,https://www.iadb.org/document.cfm?id=EZIDB0000434-170004475-1657
IDB,XI-IATI-IADB-PN-L1154,Panama,IDB-4944OCPN-P00110-SPN-Versin Publicada del Aviso Especfico de Adquisiciones-06-16-2026.pdf,https://www.iadb.org/document.cfm?id=EZIDB0000434-170004475-1665
IDB,XI-IATI-IADB-PR-L1082,Paraguay,PR-L1082 1281.pdf,https://www.iadb.org/document.cfm?id=EZSHARE-1132444900-23802
IDB,XI-IATI-IADB-PR-L1082,Paraguay,Mejoramiento de Vivienda y del Hbitat 39845372.PDF,https://www.iadb.org/document.cfm?id=EZSHARE-2060940986-29
IDB,XI-IATI-IADB-PR-L1082,Paraguay,PR-L1082 Second period Jan-Dec 2023 - Public Report.PDF,https://www.iadb.org/document.cfm?id=EZIDB0000578-522669563-45140
IDB,XI-IATI-IADB-PR-L1082,Paraguay,PR-L1082 Second period Jan-Dec 2018-Public Report.pdf,https://www.iadb.org/document.cfm?id=EZSHARE-522669563-32523
IDB,XI-IATI-IADB-PR-L1082,Paraguay,PR-L1082 First period Jan-Jun 2019-Public Report.pdf,https://www.iadb.org/document.cfm?id=EZSHARE-522669563-33143
IDB,XI-IATI-IADB-PR-L1082,Paraguay,Programa de Mejoramiento de la Vivienda y del Hbitat - Contrato Modificatorio No. 3 - PR-L1082.pdf,https://www.iadb.org/document.cfm?id=EZIDB0000366-2056220512-9389
IDB,XI-IATI-IADB-PR-L1082,Paraguay,PR-L1082P580410SP.pdf,https://www.iadb.org/document.cfm?id=EZSHARE-1375635338-26368
IDB,XI-IATI-IADB-PR-L1082,Paraguay,PR-L1082 First period Jan-Jun 2021 - Public Report.pdf,https://www.iadb.org/document.cfm?id=EZSHARE-522669563-35754
IDB,XI-IATI-IADB-PR-L1082,Paraguay,PR-L1082 First period Jan-Jun 2017-Public Report.pdf,https://www.iadb.org/document.cfm?id=EZSHARE-522669563-1165
IDB,XI-IATI-IADB-PR-L1082,Paraguay,Analisis Economico 39535171.PDF,https://www.iadb.org/document.cfm?id=EZSHARE-2060940986-17
IDB,XI-IATI-IADB-PR-L1082,Paraguay,PR-L1082 1280.pdf,https://www.iadb.org/document.cfm?id=EZSHARE-1132444900-23801
IDB,XI-IATI-IADB-PR-L1082,Paraguay,PR-L1082 Second period Jan-Dec 2019-Public Report.pdf,https://www.iadb.org/document.cfm?id=EZSHARE-522669563-33788
IDB,XI-IATI-IADB-PR-L1082,Paraguay,Plan de Ejecucin Plurianual PEP 39569993.PDF,https://www.iadb.org/document.cfm?id=EZSHARE-2060940986-25
IDB,XI-IATI-IADB-PR-L1082,Paraguay,PR-L1082 Second period Jan-Dec 2017-Public Report.pdf,https://www.iadb.org/document.cfm?id=EZSHARE-522669563-2216
IDB,XI-IATI-IADB-PR-L1082,Paraguay,PR-L1082 Second period Jan-Dec 2016-Public Report.pdf,https://www.iadb.org/document.cfm?id=EZSHARE-522669563-513
IDB,XI-IATI-IADB-PR-L1082,Paraguay,PR-L1082 First period Jan-Jun 2018-Public Report.pdf,https://www.iadb.org/document.cfm?id=EZSHARE-522669563-31845
IDB,XI-IATI-IADB-PR-L1082,Paraguay,PR-L1082 First period Jan-Jun 2020 - Public Report.pdf,https://www.iadb.org/document.cfm?id=EZSHARE-522669563-34348
IDB,XI-IATI-IADB-PR-L1082,Paraguay,PR-L1082 824.pdf,https://www.iadb.org/document.cfm?id=EZSHARE-1132444900-23069
IDB,XI-IATI-IADB-PR-L1082,Paraguay,Programa de Mejoramiento de la Vivienda y del Hbitat - Modificatorio 1.pdf,https://www.iadb.org/document.cfm?id=EZSHARE-2056220512-7323
IDB,XI-IATI-IADB-PR-L1082,Paraguay,PR-L1082 1403.pdf,https://www.iadb.org/document.cfm?id=EZSHARE-1132444900-24186
IDB,XI-IATI-IADB-PR-L1082,Paraguay,PR-L1082 1316.pdf,https://www.iadb.org/document.cfm?id=EZSHARE-1132444900-23939
IDB,XI-IATI-IADB-PR-L1082,Paraguay,Contrato - Programa de Mejoramiento de Vivienda y del Hbitat 40181464.PDF,https://www.iadb.org/document.cfm?id=EZSHARE-2056220512-958
IDB,XI-IATI-IADB-PR-L1082,Paraguay,Improvement of Housing and Habitat 39845367.PDF,https://www.iadb.org/document.cfm?id=EZSHARE-2060940986-28
IDB,XI-IATI-IADB-PR-L1082,Paraguay,PR-L1082P542989GN.pdf,https://www.iadb.org/document.cfm?id=EZSHARE-1375635338-25927
IDB,XI-IATI-IADB-PR-L1082,Paraguay,PR-L1082 Second period Jan-Dec 2022 - Public Report.PDF,https://www.iadb.org/document.cfm?id=EZIDB0000578-522669563-43760
IDB,XI-IATI-IADB-PR-L1082,Paraguay,PR-L1082 Second period Jan-Dec 2021 - Public Report.PDF,https://www.iadb.org/document.cfm?id=EZSHARE-522669563-41251
IDB,XI-IATI-IADB-PR-L1082,Paraguay,PR-L1082 Second period Jan-Dec 2015-Public Report 40359943.PDF,https://www.iadb.org/document.cfm?id=EZSHARE-1271579320-2
IDB,XI-IATI-IADB-PR-L1082,Paraguay,PR-L1082 First period Jan-Jun 2023 - Public Report.PDF,https://www.iadb.org/document.cfm?id=EZIDB0000578-522669563-44366
IDB,XI-IATI-IADB-PR-L1082,Paraguay,Contrato Modificatorio No. 2 - Programa de Mejoramiento de la Vivienda y del Hbitat.pdf,https://www.iadb.org/document.cfm?id=EZSHARE-2056220512-8776
IDB,XI-IATI-IADB-PR-L1082,Paraguay,PR-L1082 Second period Jan-Dec 2020 - Public Report.pdf,https://www.iadb.org/document.cfm?id=EZSHARE-522669563-35179
IDB,XI-IATI-IADB-PR-L1082,Paraguay,PR-L1082 1313.pdf,https://www.iadb.org/document.cfm?id=EZSHARE-1132444900-24826
IDB,XI-IATI-IADB-PR-L1082,Paraguay,Contrato - Programa de Mejoramiento de Vivienda y del Hbitat.pdf,https://www.iadb.org/document.cfm?id=EZSHARE-2056220512-5295
IDB,XI-IATI-IADB-PR-L1082,Paraguay,PR-L1082 Second period Jan-Dec 2024 - Public Report.PDF,https://www.iadb.org/document.cfm?id=EZIDB0000578-522669563-47085
IDB,XI-IATI-IADB-PR-L1082,Paraguay,PR-L1082 First period Jan-Jun 2025 - Public Report.PDF,https://www.iadb.org/document.cfm?id=EZIDB0000578-522669563-47643
IDB,XI-IATI-IADB-PR-L1152,Paraguay,PR-L1152 Second period Jan-Dec 2021 - Public Report.PDF,https://www.iadb.org/document.cfm?id=EZSHARE-522669563-41261
IDB,XI-IATI-IADB-PR-L1152,Paraguay,Programa de Rehabilitacin y Vivienda del Baado Sur en Asuncin Barrio Tacumb.pdf,https://www.iadb.org/document.cfm?id=EZSHARE-1470197173-48300
IDB,XI-IATI-IADB-PR-L1152,Paraguay,Contrato Modificatorio No. 1 - Programa de Rehabilitacin y Vivienda del Baado Sur en Asuncin Barrio Tacumb.pdf,https://www.iadb.org/document.cfm?id=EZSHARE-2056220512-8183
IDB,XI-IATI-IADB-PR-L1152,Paraguay,PR-L1152P2127474SP.pdf,https://www.iadb.org/document.cfm?id=EZIDB0000171-1375635338-38297
IDB,XI-IATI-IADB-PR-L1152,Paraguay,PR-L1152 First period Jan-Jun 2019-Public Report.pdf,https://www.iadb.org/document.cfm?id=EZSHARE-522669563-33160
IDB,XI-IATI-IADB-PR-L1152,Paraguay,PR-L1152P569212SP.pdf,https://www.iadb.org/document.cfm?id=EZSHARE-1375635338-26271
IDB,XI-IATI-IADB-PR-L1152,Paraguay,PR-L1152P565633GN.pdf,https://www.iadb.org/document.cfm?id=EZSHARE-1375635338-26228
IDB,XI-IATI-IADB-PR-L1152,Paraguay,PR-L1152 Second period Jan-Dec 2019-Public Report.pdf,https://www.iadb.org/document.cfm?id=EZSHARE-522669563-33804
IDB,XI-IATI-IADB-PR-L1152,Paraguay,Program for Baado Sur in Asuncin Tacumb Neighborhood.pdf,https://www.iadb.org/document.cfm?id=EZSHARE-1470197173-48301
IDB,XI-IATI-IADB-PR-L1152,Paraguay,IDB-4700OCPR-P7086-SPN-Version Publicada del Aviso Especifico de Adquisiciones-06-19-2026.pdf,https://www.iadb.org/document.cfm?id=EZIDB0000452-1228790388-3675
IDB,XI-IATI-IADB-PR-L1152,Paraguay,PR-L1152P557268SP.pdf,https://www.iadb.org/document.cfm?id=EZSHARE-1375635338-26132
IDB,XI-IATI-IADB-PR-L1152,Paraguay,PR-L1152P2116616SP.pdf,https://www.iadb.org/document.cfm?id=EZIDB0000171-1375635338-37754
IDB,XI-IATI-IADB-PR-L1152,Paraguay,PR-L1152 Second period Jan-Dec 2023 - Public Report.PDF,https://www.iadb.org/document.cfm?id=EZIDB0000578-522669563-45156
IDB,XI-IATI-IADB-PR-L1152,Paraguay,PR-L1152 First period Jan-Jun 2025 - Public Report.PDF,https://www.iadb.org/document.cfm?id=EZIDB0000578-522669563-48066
IDB,XI-IATI-IADB-PR-L1152,Paraguay,Paraguay. Proposal for a loan for the Housing and Rehabilitation Program for Baado Sur in Asuncin Tacumb Neighborhood.pdf,https://www.iadb.org/document.cfm?id=EZSHARE-1477279246-41
IDB,XI-IATI-IADB-PR-L1152,Paraguay,PR-L1152 First period Jan-Jun 2021 - Public Report.pdf,https://www.iadb.org/document.cfm?id=EZSHARE-522669563-35725
IDB,XI-IATI-IADB-PR-L1152,Paraguay,PR-L1152 First period Jan-Jun 2020 - Public Report.pdf,https://www.iadb.org/document.cfm?id=EZSHARE-522669563-34228
IDB,XI-IATI-IADB-PR-L1152,Paraguay,PR-L1152P2133092SP.pdf,https://www.iadb.org/document.cfm?id=EZIDB0000171-1375635338-38558
IDB,XI-IATI-IADB-PR-L1152,Paraguay,PR-L1152 First period Jan-Jun 2022 - Public Report.PDF,https://www.iadb.org/document.cfm?id=EZSHARE-522669563-42469
IDB,XI-IATI-IADB-PR-L1152,Paraguay,PR-L1152P686438SP.pdf,https://www.iadb.org/document.cfm?id=EZSHARE-1375635338-30661
IDB,XI-IATI-IADB-PR-L1152,Paraguay,PR-L1152 Second period Jan-Dec 2020 - Public Report.pdf,https://www.iadb.org/document.cfm?id=EZSHARE-522669563-35048
IDB,XI-IATI-IADB-PR-L1152,Paraguay,PR-L1152 Second period Jan-Dec 2022 - Public Report.PDF,https://www.iadb.org/document.cfm?id=EZIDB0000578-522669563-43782
IDB,XI-IATI-IADB-PR-L1152,Paraguay,Programa de Rehabilitacin y Vivienda del Baado Sur en Asuncin.pdf,https://www.iadb.org/document.cfm?id=EZSHARE-2056220512-6665
IDB,XI-IATI-IADB-PR-L1152,Paraguay,PR-L1152 Second period Jan-Dec 2018-Public Report.pdf,https://www.iadb.org/document.cfm?id=EZSHARE-522669563-32540
IDB,XI-IATI-IADB-PR-L1152,Paraguay,PR-L1152 Second period Jan-Dec 2024 - Public Report.PDF,https://www.iadb.org/document.cfm?id=EZIDB0000578-522669563-47009
IDB,XI-IATI-IADB-PR-L1152,Paraguay,PR-L1152 First period Jan-Jun 2023 - Public Report.PDF,https://www.iadb.org/document.cfm?id=EZIDB0000578-522669563-44471
IDB,XI-IATI-IADB-PR-L1152,Paraguay,Paraguay. Propuesta de prstamo para el Programa de Rehabilitacin y Vivienda del Baado Sur en Asuncin Barrio Tacumb.pdf,https://www.iadb.org/document.cfm?id=EZSHARE-1477279246-42
IDB,XI-IATI-IADB-PR-L1152,Paraguay,PR-L115272682SP.pdf,https://www.iadb.org/document.cfm?id=EZSHARE-1375635338-26330
IDB,XI-IATI-IADB-PE-L1293,Peru,Program to Promote Social Housing in Peru - PE-L1293.pdf,https://www.iadb.org/document.cfm?id=EZIDB0000366-965128629-50484
IDB,XI-IATI-IADB-PE-L1293,Peru,Programa de Impulso a la Vivienda Social en Per - PE-L1293.pdf,https://www.iadb.org/document.cfm?id=EZIDB0000366-965128629-50485
IDB,XI-IATI-IADB-PE-L1293,Peru,Peru. Loan proposal for the Program to Promote Social Housing in Peru.pdf,https://www.iadb.org/document.cfm?id=EZIDB0002355-1018583524-72
IDB,XI-IATI-IADB-PE-L1293,Peru,Peru. Propuesta de prestamo - Programa de Impulso a la Vivienda Social en Peru.pdf,https://www.iadb.org/document.cfm?id=EZIDB0002355-1018583524-73
IDB,XI-IATI-IADB-PE-L1293,Peru,Contrato - PE-L1293 - Programa de Impulso a la Vivienda Social en Per.pdf,https://www.iadb.org/document.cfm?id=EZIDB0000366-2056220512-9869
IDB,XI-IATI-IADB-PE-L1293,Peru,PE-L1293 First period Jan-Jun 2025 - Public Report.PDF,https://www.iadb.org/document.cfm?id=EZIDB0000578-522669563-47629
IDB,XI-IATI-IADB-PE-L1293,Peru,PE-L1293 Second period Jan-Dec 2024 - Public Report.PDF,https://www.iadb.org/document.cfm?id=EZIDB0000578-522669563-46993
IDB,XI-IATI-IADB-SU-L1067,Suriname,SU-L1067 First period Jan-Jun 2025 - Public Report.PDF,https://www.iadb.org/document.cfm?id=EZIDB0000578-522669563-48072
IDB,XI-IATI-IADB-SU-L1067,Suriname,Strengthening Spatial Planning and Environmental Management in Suriname.pdf,https://www.iadb.org/document.cfm?id=EZIDB0000366-965128629-50373
IDB,XI-IATI-IADB-SU-L1067,Suriname,Fortalecimiento de la Planificacin Espacial y la Gestin Ambiental en Suriname.pdf,https://www.iadb.org/document.cfm?id=EZIDB0000366-965128629-50374
IDB,XI-IATI-IADB-SU-L1067,Suriname,Contract - SU-L1067 - Strengthening Spatial Planning and Environmental Management in Suriname.pdf,https://www.iadb.org/document.cfm?id=EZIDB0000366-2056220512-9853
IDB,XI-IATI-IADB-SU-L1067,Suriname,Suriname. Propuesta de prestamo para el proyecto Fortalecimiento de la Planificacion Espacial y la Gestion Ambiental en Suriname.pdf,https://www.iadb.org/document.cfm?id=EZIDB0000489-1413740012-93
IDB,XI-IATI-IADB-SU-L1067,Suriname,Suriname. Loan proposal for the project Strengthening Spatial Planning and Environmental Management in Suriname PR-5229.pdf,https://www.iadb.org/document.cfm?id=EZIDB0000489-1413740012-94
IDB,XI-IATI-IADB-TT-L1057,Trinidad and Tobago,URBAN UPGRADING  REVITALIZATION PROGRAMME - GENERAL PROCUREMENT NOTICE  Development Business.pdf,https://www.iadb.org/document.cfm?id=EZSHARE-263513329-45
IDB,XI-IATI-IADB-TT-L1057,Trinidad and Tobago,TT-L1057 First period Jan-Jun 2021 - Public Report.pdf,https://www.iadb.org/document.cfm?id=EZSHARE-522669563-35835
IDB,XI-IATI-IADB-TT-L1057,Trinidad and Tobago,TT-L1057 First period Jan-Jun 2023 - Public Report.PDF,https://www.iadb.org/document.cfm?id=EZIDB0000578-522669563-44406
IDB,XI-IATI-IADB-TT-L1057,Trinidad and Tobago,TT-L1057 Second period Jan-Dec 2023 - Public Report.PDF,https://www.iadb.org/document.cfm?id=EZIDB0000578-522669563-45310
IDB,XI-IATI-IADB-TT-L1057,Trinidad and Tobago,Trinidad y Tobago. Propuesta de prstamo para el Programa de Mejora y Revitalizacin Urbana TT-L1057.pdf,https://www.iadb.org/document.cfm?id=EZSHARE-639342523-5
IDB,XI-IATI-IADB-TT-L1057,Trinidad and Tobago,TT-L1057 Second period Jan-Dec 2022 - Public Report.PDF,https://www.iadb.org/document.cfm?id=EZIDB0000578-522669563-43967
IDB,XI-IATI-IADB-TT-L1057,Trinidad and Tobago,Contract - Urban Upgrading and Revitalization Program.pdf,https://www.iadb.org/document.cfm?id=EZSHARE-2056220512-8449
IDB,XI-IATI-IADB-TT-L1057,Trinidad and Tobago,TT-L1057 First period Jan-Jun 2022 - Public Report.PDF,https://www.iadb.org/document.cfm?id=EZSHARE-522669563-42539
IDB,XI-IATI-IADB-TT-L1057,Trinidad and Tobago,Trinidad and Tobago. Urban Upgrading and Revitalization Program - TT-L1057.pdf,https://www.iadb.org/document.cfm?id=EZSHARE-639342523-4
IDB,XI-IATI-IADB-TT-L1057,Trinidad and Tobago,TT-L1057 First period Jan-Jun 2020 - Public Report.pdf,https://www.iadb.org/document.cfm?id=EZSHARE-522669563-34466
IDB,XI-IATI-IADB-TT-L1057,Trinidad and Tobago,TT-L1057 Second period Jan-Dec 2020 - Public Report.pdf,https://www.iadb.org/document.cfm?id=EZSHARE-522669563-35103
IDB,XI-IATI-IADB-TT-L1057,Trinidad and Tobago,TT-L1057 Second period Jan-Dec 2021 - Public Report.PDF,https://www.iadb.org/document.cfm?id=EZSHARE-522669563-41286
IDB,XI-IATI-IADB-TT-L1057,Trinidad and Tobago,Urban Upgrading and Revitalization Program. 5049-OC.pdf,https://www.iadb.org/document.cfm?id=EZSHARE-965128629-48803
IDB,XI-IATI-IADB-TT-L1057,Trinidad and Tobago,TT-L1057 First period Jan-Jun 2024 - Public Report.PDF,https://www.iadb.org/document.cfm?id=EZIDB0000578-522669563-45824
IDB,XI-IATI-IADB-TT-L1057,Trinidad and Tobago,TT-L1057 Second period Jan-Dec 2024 - Public Report.PDF,https://www.iadb.org/document.cfm?id=EZIDB0000578-522669563-47036
IDB,XI-IATI-IADB-TT-L1057,Trinidad and Tobago,TT-L1057 First period Jan-Jun 2025 - Public Report.PDF,https://www.iadb.org/document.cfm?id=EZIDB0000578-522669563-47745
IDB,XI-IATI-IADB-TT-L1057,Trinidad and Tobago,Programa de Mejora y Revitalizacin Urbana. 5049-OC.pdf,https://www.iadb.org/document.cfm?id=EZSHARE-965128629-48802
IDB,XI-IATI-IADB-TT-L1056,Trinidad and Tobago,TT-L1056 First period Jan-Jun 2023 - Public Report.PDF,https://www.iadb.org/document.cfm?id=EZIDB0000578-522669563-44491
IDB,XI-IATI-IADB-TT-L1056,Trinidad and Tobago,TT-L1056 Second period Jan-Dec 2021 - Public Report.PDF,https://www.iadb.org/document.cfm?id=EZSHARE-522669563-41281
IDB,XI-IATI-IADB-TT-L1056,Trinidad and Tobago,Programa de Mejora y Revitalizacin Urbana.pdf,https://www.iadb.org/document.cfm?id=EZSHARE-965128629-48800
IDB,XI-IATI-IADB-TT-L1056,Trinidad and Tobago,Trinidad y Tobago. Programa de Mejora y Revitalizacin Urbana - TT-L1056-TT-L1057.pdf,https://www.iadb.org/document.cfm?id=EZSHARE-1457833248-5378
IDB,XI-IATI-IADB-TT-L1056,Trinidad and Tobago,TT-L1056P549572GN.pdf,https://www.iadb.org/document.cfm?id=EZSHARE-1375635338-26018
IDB,XI-IATI-IADB-TT-L1056,Trinidad and Tobago,TT-L1056 Second period Jan-Dec 2020 - Public Report.pdf,https://www.iadb.org/document.cfm?id=EZSHARE-522669563-35097
IDB,XI-IATI-IADB-TT-L1056,Trinidad and Tobago,TT-L1056 Second period Jan-Dec 2023 - Public Report.PDF,https://www.iadb.org/document.cfm?id=EZIDB0000578-522669563-45133
IDB,XI-IATI-IADB-TT-L1056,Trinidad and Tobago,TT-L1056P1019853SP.pdf,https://www.iadb.org/document.cfm?id=EZSHARE-1375635338-33815
IDB,XI-IATI-IADB-TT-L1056,Trinidad and Tobago,Contract - Urban Upgrading and Revitalization Program.pdf,https://www.iadb.org/document.cfm?id=EZSHARE-2056220512-8449
IDB,XI-IATI-IADB-TT-L1056,Trinidad and Tobago,TT-L1056 First period Jan-Jun 2020 - Public Report.pdf,https://www.iadb.org/document.cfm?id=EZSHARE-522669563-34421
IDB,XI-IATI-IADB-TT-L1056,Trinidad and Tobago,Urban Upgrading and Revitalization Program.pdf,https://www.iadb.org/document.cfm?id=EZSHARE-965128629-48801
IDB,XI-IATI-IADB-TT-L1056,Trinidad and Tobago,TT-L1056 First period Jan-Jun 2021 - Public Report.pdf,https://www.iadb.org/document.cfm?id=EZSHARE-522669563-35791
IDB,XI-IATI-IADB-TT-L1056,Trinidad and Tobago,Trinidad and Tobago. Urban Upgrading and Revitalization Program - TT-L1056 - TT-L1057.pdf,https://www.iadb.org/document.cfm?id=EZSHARE-1457833248-5377
IDB,XI-IATI-IADB-TT-L1056,Trinidad and Tobago,TT-L1056 First period Jan-Jun 2024 - Public Report.PDF,https://www.iadb.org/document.cfm?id=EZIDB0000578-522669563-45847
IDB,XI-IATI-IADB-TT-L1056,Trinidad and Tobago,TT-L1056 Second period Jan-Dec 2024 - Public Report.PDF,https://www.iadb.org/document.cfm?id=EZIDB0000578-522669563-47042
IDB,XI-IATI-IADB-TT-L1056,Trinidad and Tobago,TT-L1056 First period Jan-Jun 2025 - Public Report.PDF,https://www.iadb.org/document.cfm?id=EZIDB0000578-522669563-47743
IDB,XI-IATI-IADB-TT-L1056,Trinidad and Tobago,TT-L1056 Second period Jan-Dec 2022 - Public Report.PDF,https://www.iadb.org/document.cfm?id=EZIDB0000578-522669563-43804
IDB,XI-IATI-IADB-TT-L1056,Trinidad and Tobago,TT-L1056 First period Jan-Jun 2022 - Public Report.PDF,https://www.iadb.org/document.cfm?id=EZSHARE-522669563-42520
IDB,XI-IATI-IADB-TT-L1056,Trinidad and Tobago,URBAN UPGRADING  REVITALIZATION PROGRAMME - GENERAL PROCUREMENT NOTICE  Development Business.pdf,https://www.iadb.org/document.cfm?id=EZSHARE-1418138406-130
IDB,XI-IATI-IADB-UR-L1146,Uruguay,UR-L1146 Second period Jan-Dec 2019-Public Report.pdf,https://www.iadb.org/document.cfm?id=EZSHARE-522669563-33880
IDB,XI-IATI-IADB-UR-L1146,Uruguay,UR-L1146 Second period Jan-Dec 2021 - Public Report.PDF,https://www.iadb.org/document.cfm?id=EZSHARE-522669563-41323
IDB,XI-IATI-IADB-UR-L1146,Uruguay,UR-L1146 First period Jan-Jun 2022 - Public Report.PDF,https://www.iadb.org/document.cfm?id=EZSHARE-522669563-42679
IDB,XI-IATI-IADB-UR-L1146,Uruguay,UR-L1146P2104012SP.pdf,https://www.iadb.org/document.cfm?id=EZIDB0000171-1375635338-37443
IDB,XI-IATI-IADB-UR-L1146,Uruguay,UR-L1146 1491.pdf,https://www.iadb.org/document.cfm?id=EZSHARE-1132444900-24436
IDB,XI-IATI-IADB-UR-L1146,Uruguay,Neighborhood Improvement Program III.pdf,https://www.iadb.org/document.cfm?id=EZSHARE-1470197173-48212
IDB,XI-IATI-IADB-UR-L1146,Uruguay,Programa de Mejoramiento de Barrios III.pdf,https://www.iadb.org/document.cfm?id=EZSHARE-1470197173-48211
IDB,XI-IATI-IADB-UR-L1146,Uruguay,UR-L1146 Second period Jan-Dec 2020 - Public Report.pdf,https://www.iadb.org/document.cfm?id=EZSHARE-522669563-35139
IDB,XI-IATI-IADB-UR-L1146,Uruguay,UR-L1146 Second period Jan-Dec 2022 - Public Report.PDF,https://www.iadb.org/document.cfm?id=EZIDB0000578-522669563-43822
IDB,XI-IATI-IADB-UR-L1146,Uruguay,UR-L1146 First period Jan-Jun 2020 - Public Report.pdf,https://www.iadb.org/document.cfm?id=EZSHARE-522669563-34454
IDB,XI-IATI-IADB-UR-L1146,Uruguay,UR-L1146 First period Jan-Jun 2019-Public Report.pdf,https://www.iadb.org/document.cfm?id=EZSHARE-522669563-33226
IDB,XI-IATI-IADB-UR-L1146,Uruguay,UR-L1146 First period Jan-Jun 2023 - Public Report.PDF,https://www.iadb.org/document.cfm?id=EZIDB0000578-522669563-44414
IDB,XI-IATI-IADB-UR-L1146,Uruguay,UR-L1146 First period Jan-Jun 2021 - Public Report.pdf,https://www.iadb.org/document.cfm?id=EZSHARE-522669563-35797
IDB,XI-IATI-IADB-UR-L1146,Uruguay,Contrato - Programa de Mejoramiento de Barrios III.pdf,https://www.iadb.org/document.cfm?id=EZSHARE-2056220512-6523
IDB,XI-IATI-IADB-UR-L1146,Uruguay,UR-L1146 900.pdf,https://www.iadb.org/document.cfm?id=EZSHARE-1132444900-23132
IDB,XI-IATI-IADB-UR-L1146,Uruguay,UR-L1146 900 1.pdf,https://www.iadb.org/document.cfm?id=EZSHARE-1132444900-23230
IDB,XI-IATI-IADB-UR-L1146,Uruguay,UR-L1146 1294.pdf,https://www.iadb.org/document.cfm?id=EZSHARE-1132444900-19510
IDB,XI-IATI-IADB-UR-L1146,Uruguay,UR-L1146 Second period Jan-Dec 2023 - Public Report.PDF,https://www.iadb.org/document.cfm?id=EZIDB0000578-522669563-45166
IDB,XI-IATI-IADB-UR-L1146,Uruguay,UR-L1146 900 2.pdf,https://www.iadb.org/document.cfm?id=EZSHARE-1132444900-23393
IDB,XI-IATI-IADB-UR-L1146,Uruguay,UR-L1146 Second period Jan-Dec 2018-Public Report.pdf,https://www.iadb.org/document.cfm?id=EZSHARE-522669563-32610
IDB,XI-IATI-IADB-UR-L1146,Uruguay,UR-L1146 900-2.pdf,https://www.iadb.org/document.cfm?id=EZSHARE-1132444900-23335
IDB,XI-IATI-IADB-UR-L1146,Uruguay,UR - Proposal for nonreimbursable financing - Support Prog Socio-Urban Integration Migrant Population.pdf,https://www.iadb.org/document.cfm?id=EZSHARE-1834815435-57
IDB,XI-IATI-IADB-UR-L1146,Uruguay,IDB-4651OCUR-P254121-SPN-Versin Publicada del Aviso Especfico de Adquisiciones-03-05-2026.pdf,https://www.iadb.org/document.cfm?id=EZIDB0000527-772015261-3466
IDB,XI-IATI-IADB-UR-L1146,Uruguay,UR-L1146P560749GN.pdf,https://www.iadb.org/document.cfm?id=EZSHARE-1375635338-26191
IDB,XI-IATI-IADB-UR-L1146,Uruguay,UR-L1146 First period Jan-Jun 2024 - Public Report.PDF,https://www.iadb.org/document.cfm?id=EZIDB0000578-522669563-45830
IDB,XI-IATI-IADB-UR-L1146,Uruguay,UR-L1146 First period Jan-Jun 2025 - Public Report.PDF,https://www.iadb.org/document.cfm?id=EZIDB0000578-522669563-47712
IDB,XI-IATI-IADB-UR-L1188,Uruguay,Contrato de Garanta - UR-L1188 - Programa de Integracin Social y Urbana en el Uruguay - No. 5896-OC-UR-.pdf,https://www.iadb.org/document.cfm?id=EZIDB0000366-2056220512-9720
IDB,XI-IATI-IADB-UR-L1188,Uruguay,Contrato de Prstamo - UR-L1188 - Programa de Integracin Social y Urbana en el Uruguay - No 5896-OC-UR.pdf,https://www.iadb.org/document.cfm?id=EZIDB0000366-2056220512-9721
IDB,XI-IATI-IADB-UR-L1188,Uruguay,UR-L1188 First period Jan-Jun 2024 - Public Report.PDF,https://www.iadb.org/document.cfm?id=EZIDB0000578-522669563-46000
IDB,XI-IATI-IADB-UR-L1188,Uruguay,UR-L1188 First period Jan-Jun 2025 - Public Report.PDF,https://www.iadb.org/document.cfm?id=EZIDB0000578-522669563-48084
IDB,XI-IATI-IADB-UR-L1188,Uruguay,Uruguay. Propuesta de prestamo - Programa de Integracion Social y Urbana en el Uruguay.pdf,https://www.iadb.org/document.cfm?id=EZIDB0000527-557979056-122
IDB,XI-IATI-IADB-UR-L1188,Uruguay,Uruguay. Loan proposal Social and Urban Integration Program in Uruguay.pdf,https://www.iadb.org/document.cfm?id=EZIDB0000527-557979056-123
IDB,XI-IATI-IADB-UR-L1188,Uruguay,Programa de Integracin Social y Urbana en el Uruguay.pdf,https://www.iadb.org/document.cfm?id=EZIDB0000366-965128629-50252
IDB,XI-IATI-IADB-UR-L1188,Uruguay,Program for the Social and  Urban Integration in  Uruguay.pdf,https://www.iadb.org/document.cfm?id=EZIDB0000366-965128629-50253
